iwn_id	iwn_category	english_id	english_category	english_synset_words	english_gloss	hindi_synset	hindi_gloss	tamil_synset	tamil_gloss	type_link
1	ADJECTIVE	1796323	ADJECTIVE	unborn	"not yet brought into existence; ""unborn generations"""	अजन्मा,अजात,अनुत्पन्न,अनुद्भूत,अप्रादुर्भूत,अज,अजन,अजन्म,अनन्यभव,अनागत,अयोनि	जिसने जन्म न लिया हो|| देवकी के अजन्मे बालकों के विषय में भविष्यवाणी हुई थी । 	பிறக்காத	பிறக்காத||  கணவனும் மனைவியும் பிறக்காத குழந்தைக்கு இப்பொழுதே பெயரைத் தேர்வு செய்தனர். 	Direct
100	ADJECTIVE	975187	ADJECTIVE	experienced, experient	having experience; having knowledge or skill from observation or participation	अनुभवी,जानकार,परिपक्व,तजुर्बेकार,तजुरबेकार,तजर्बेकार,तजरबेकार,तजरबाकार,तजरुबाकार,मँजा हुआ,जहाँदीद,जहाँदीदा,आज़मूदाकार,आजमूदाकार	अनुभव रखनेवाला या जिसे किसी काम,वस्तु आदि का अनुभव हो|| इस काम के लिए एक अनुभवी व्यक्ति की आवश्यकता है । 	அனுபவமுள்ள, அனுபவமான, பக்குவமுள்ள, பக்குவமான, தெரிந்த, தெரிந்துள்ள, அறிந்த, அறிந்துள்ள	ஒரு துறையில் நேரடியாக ஈடுபட்டுப் பெறும் தேர்ச்சி உள்ள செயல்.||  இந்த வேலைக்கு அனுபவமுள்ள ஆள் தேவை 	Direct
101	ADJECTIVE	975187	ADJECTIVE	experienced, experient	having experience; having knowledge or skill from observation or participation	भुक्तभोगी,भोगी	जो भोग चुका हो या भुगतने वाला|| आजकल रेल में आरक्षण मिलना कितना मुश्किल है यह कोई भुक्तभोगी व्यक्ति ही जान सकता है । 	சுகவாசியான, சுகபோகியான, சுகஜீவியான, சுகப்பிரியனான, இன்பப்பிரியனான, சுகவிருப்பமான, இன்பவிருப்பமான, அனுபோகியான	இன்பத்தை அனுபவித்த அல்லது அனுபவிக்க போகிற||  இந்நாட்களில் தொடர்வண்டி முன்பதிவு செய்வது எவ்வளவு கடினமானது என்பதை ஒரு சுகவாசியான நபர்தான் அறிவான் 	Direct
10001	NOUN	532338	NOUN	folk_dancing, folk_dance	a style of dancing that originated among ordinary people (not in the royal courts)	लोकनृत्य,लोक-नृत्य,लोक नृत्य	वे नृत्य या नाच जो गाँवों में नाचे जाते हैं|| विद्यालय के वार्षिक समारोह में बच्चों ने तरह-तरह के लोकनृत्य प्रस्तुत किए । 	நாட்டுபுறக்கலை	குறிப்பிட்ட நிலப்பகுதியில் வாழும் மக்களின் பண்பாட்டைப் பிரதிபலிக்கும் கலை.||  பள்ளி ஆண்டுவிழாவில் குழந்தைகள் வித-விதமான நாட்டுபுறகலைத் தொடர்பான நிகழ்சிகளை நடத்தினர் 	Direct
14087	NOUN	532338	NOUN	folk_dancing, folk_dance	a style of dancing that originated among ordinary people (not in the royal courts)	गरबा	एक गुजराती लोक-नृत्य जिसमें औरतें देवी की प्रतिमा के सामने या चारों ओर गोला बनाकर तथा कमर या सर पर घड़ा रखकर गाते हुए विशिष्ट रूप से नाचती हैं|| नौरात्र में जगह-जगह गरबे का आयोजन किया जाता है । 	கர்பா	பெண்கள் தேவியின் சிலையின் முன்பு அல்லது நான்குபக்கம் வட்டம் உருவாக்கி மேலும் இடுப்பு அல்லது  தலை மீது பானை வைத்து பாடி ஆடும்  ஒரு குஜராத்திய நாட்டுப்புற நடனம்||  நவராத்திரியில் இடத்திற்கு - இடம் கர்பா நடனத்திற்கு ஏற்பாடு செய்யப்படுகிறது 	Hypernymy
9985	NOUN	532338	NOUN	folk_dancing, folk_dance	a style of dancing that originated among ordinary people (not in the royal courts)	लावनी,लावणी	महाराष्ट्र का एक प्रसिद्ध लोकनृत्य|| लावनी के अनेक प्रकार होते हैं । 	லாவணி	மகாராஷ்டிராவில் ஒரு புகழ்பெற்ற நாட்டுப்புற நடனம்||  பெரும்பாலும் கோல்ஜாதி ஜாதிப்பெண்கள் முதலில் லாவணி நடனம் ஆடுகின்றனர் 	Hypernymy
10002	NOUN	576770	NOUN	welfare_work, social_service	an organized activity to improve the condition of disadvantaged people in society	लोकसेवा,जनसेवा	जन-साधारण के हित अथवा उपकार के लिए सेवाभाव से किए जाने वाले काम|| मदर टेरेसा ने अपना सारा जीवन लोकसेवा में बीताया । 	மக்கள்தொண்டு	மனித இனத்திற்கு தன்னலம் கருதாமல், எந்த வித ஆதாயத்தையும் எதிர்பார்க்காமல் ஒன்றின் நன்மைக்காக அல்லது வளர்ச்சி போன்றவற்றுக்காகச் செய்யும் பணி,சேவை||  அன்னை தெரேசா தன் வாழ்க்கை முழுவதையும் மக்கள்தொண்டு என்ற ஒன்றுக்கே தியாகம் செய்தார் 	Direct
10003	NOUN	580235	NOUN	public_service	employment within a government system (especially in the civil service)	लोकसेवा,जनसेवा	राज्य की सेवा या नौकरी,जो वस्तुतः जनसाधारण के हित के लिए होती है|| पुलिस,न्यायाधीश आदि लोकसेवा के लिए नियुक्त किए जाते हैं । 	மக்கள்தொண்டு	மனித இனத்திற்கு தன்னலம் கருதாமல், எந்த வித ஆதாயத்தையும் எதிர்பார்க்காமல் ஒன்றின் நன்மைக்காக அல்லது வளர்ச்சி போன்றவற்றுக்காகச் செய்யும் பணி,சேவை||  காவலர்கள், நீதிபதி போன்றவர்கள் மக்கள்தொண்டு என்ற ஒன்றுக்கே நியமிக்கப் படுகின்றனர் 	Direct
10004	NOUN	580235	NOUN	public_service	employment within a government system (especially in the civil service)	लोकसेवा आयोग,लोक सेवा आयोग	राज्य द्वारा नियुक्त कुछ व्यक्तियों का वह आयोग या समिति जिसके जिम्मे लोकसेवा संबंधी पदों पर नियुक्त करने के लिए प्रार्थियों में से उपयुक्त व्यक्ति चुनने का काम होता है|| लोकसेवा आयोग लोगों को लोकसेवा के लिए नियुक्त करने से पहले उनकी लिखित और मौखिक परिक्षाएंॅ लेता है । 	மக்கள்_தொண்டு	தன்னலம் கருதாமல் எவ்வித ஆதாயத்தையும் எதிர்பார்க்காமல் பிறரின் நன்மைக்காகச் செய்யும் பணி||  மக்கள் தொண்டு செய்கிற தலைவனை தேர்ந்தெடுப்பது மிகவும் கடினமாக இருக்கிறது 	Direct
10006	VERB	1848441	VERB	wallow, welter	"roll around, ""pigs were wallowing in the mud"""	लोटना	भूमि या किसी आधार पर चित्त या पट होते हुए इधर-उधर होना|| अपनी ज़िद्द पूरी कराने के लिए बच्चे अक़सर ज़मीन पर लोटते हैं । 	உருள், உருளு	படுத்த நிலையில் பக்கவாட்டில்தொடர்ந்து ஒரே திசையில் மீண்டும் மீண்டும் புரண்டு நகர்தல்.||  தன்னுடைய எண்ணம் நிறைவேறும் வரை குழந்தைகள் தரையில் விழுந்து உருளல் வழக்கமாக கொண்டுள்ளனர் 	Direct
10008	NOUN	12171668	NOUN	clove	aromatic flower bud of a clove tree; yields a spice	लौंग,लवंग,लोंग,श्रीसंज्ञ,रुचिर,मादन,अमरकुसुम,सुपुष्प,पद्मा,वराल,वरालक,तोयधिप्रिय,त्रिदशपुष्प,चंदकपुष्प,चन्दकपुष्प,पद्मगुणा,तीक्ष्णपुष्प,पद्मालया,रुचिरा,त्रिदशपुत्र,श्रीपुष्प,श्रीप्रसून,बटुक,वटुक,दिव्य	एक झाड़ की कली जिसे सुखाकर मसाले और दवा के काम में लाते हैं|| लौंग के तेल का उपयोग दाँत दर्द में किया जाता है । 	கிராம்பு, லவங்கம்	மசாலாவாகவும் மருந்தாகவும் பயன்படக்கூடிய கரியநிற மொட்டு||  கிராம்பு தைலம் பல்வலிக்குப் பயன்படுகிறது 	Direct
10009	NOUN	7345402	NOUN	return, coming_back	the occurrence of a change in direction back in the opposite direction	null	null	திரும்புதல்	புறப்பட்ட இடத்திற்கோ பழைய நிலைக்கு வருதல்||  இன்று சியாம் கிராமத்திற்கு மீண்டும் திரும்புதல் காரணம் உறவினர்கள் அனைவரும் மகிழ்ச்சியுடன் இருந்தனர் 	Direct
1001	NOUN	11283600	NOUN	east_wind, easter, easterly	a wind from the east	पुरवाई,पुरवा,पुरुआ,पुरवैया,पुरबिया हवा,पूर्व पवन,पूर्वानिल	पूरब से चलने या आनेवाली वायु|| बाग में युवा दंपति पुरवाई का आनंद ले रहे थे । 	கிழக்குகாற்று.	கிழக்கு திசையிலிருந்து வீசும் காற்று.||  தோட்டத்தில் புது தம்பதிகள் கிழக்கு காற்றில் உலாவிக் கொண்டிருக்கிறார்கள் 	Direct
10012	NOUN	11352914	NOUN	thunderbolt, bolt, bolt_of_lightning	a discharge of lightning accompanied by thunder	वज्रपात,वज्राघात,विद्युत्पात,विद्युत पात	आकाश में बिजली चमकने और बादल गरजने के बाद बिजली के पृथ्वी पर गिरने की क्रिया|| कल हुए वज्रपात में दो व्यक्ति घायल हो गए । 	இடி	மழை பெய்யும்போதோ மழைவருவதற்கு அறிகுறியாகவோ சில சமயம் வானத்தில் கேட்கும் மின்னலுடன் கூடிய பேரொலி||  நேற்று இடி விழுந்ததால் இருவர் காயமடைந்தனர் 	Direct
10016	NOUN	10008464	NOUN	hangman	an executioner who hangs the condemned person	जल्लाद,वधिक,वधक	वह जो प्राणदंड पानेवालों का वध करता हो|| जल्लाद ने मृत्युदंड की सजा पाये व्यक्ति को फाँसी पर झूला दिया । 	தூக்கிலேற்றுபவன்	உயிர் போகும் தண்டனையைக் நிறைவேற்றும் நபர்||  தூக்கிலேற்றுபவன் மரணதண்டனைப் பெற்ற நபர்களை தூக்கிலேற்றினான் 	Direct
1002	NOUN	886223	NOUN	simulation	the act of imitating the behavior of some situation or some process by means of something suitably analogous (especially for the purpose of study or personnel training)	अनुकरण,अनुसरण,अनुगमन,नक़ल,नकल,अनुकार,अनुसार,अनुक्रिया,अनुगति,अनुगम,अनुवर्तन,अनुसृति,अनुहरण,अनुबंध,अनुबन्ध	देखा-देखी किया जानेवाला कार्य|| अच्छे लोगों की अच्छी आदतों का अनुकरण उचित है । 	பின்பற்றுதல், கடைபிடித்தல்	வகுக்கப்பட்ட அல்லது ஏற்றுக் கொள்ளப்பட்ட ஒரு கொள்கை திட்டம் முதலியவற்றை நடைமுறையில் தொடர்ந்து செயல்படுத்துதல் அல்லது மேற்கொள்ளுதல்.||  நாம் நல்லவர்களை பின்பற்றுதல் அவசியமானதாகும் 	Direct
62	NOUN	886223	NOUN	simulation	the act of imitating the behavior of some situation or some process by means of something suitably analogous (especially for the purpose of study or personnel training)	अंधानुकरण,भीड़ानुगमन	बिना सोचे समझे किसी बात या व्यक्ति का किया जाने वाला अनुकरण|| आज की युवा पीढ़ी पाश्चात्य सभ्यता का अंधानुकरण कर रही है । 	கண்மூடித்தனம்	யோசிக்காமல் செய்யும் அல்லது அறிந்துகொள்ளும் விசயம்||  இன்றுள்ள இளைஞர்கள் மேற்கத்திய நாகரிகத்தின் பண்பாட்டில் கண்மூடித்தனமாக சென்றுக் கொண்டிருக்கின்றனர் 	Hypernymy
10022	NOUN	6992708	NOUN	verbiage, verbalism	overabundance of words	शब्दजाल,शब्दाडंबर,शब्दाडम्बर,वाक्जाल	साधारण सी बात कहने के लिए बड़े-बड़े शब्दों और जटिल वाक्यों का प्रयोग|| नेताओं के वाक्जाल में भोली-भाली जनता फँस जाती है । 	வார்தைஜாலம்	மனத்தைப் கவரும் வகையில் அலங்காரமான வார்த்தைகளைப் பயன்படுத்திப் பேசும் அல்லது எழுதும் செயல்.||  தலைவர்களின் வார்த்தைஜாலத்தால் அப்பாவியான மக்கள் மாட்டிக் கொள்கின்றனர் 	Direct
10024	NOUN	9935937	NOUN	fiancee, bride-to-be	a woman who is engaged to be married	वाग्दत्ता	वह कन्या जिसके विवाह की बात किसी के साथ पक्की की जा चुकी हो|| वाग्दत्ताएँ विवाह की डोर में बँधकर अपने माता-पिता से दूर हो जाती हैं । 	வாக்கு_கொடுத்தல், வாக்களித்தல், உறுதி_கொடுத்தவன், பேச்சுறுதி_கொடுத்தல், பேச்சுறுதி_அளித்தல்	விவாக விசயமானது ஒருவடன்..................||  வாக்கு கொடுத்தவன் விவாகத்தில் ................... 	Direct
10025	NOUN	4012531	NOUN	reading_room	a room set aside for reading	वाचनालय	वह स्थान जहाँ बैठकर पाठकगण पुस्तकें, पत्रिकाएँ आदि पढ़ते हैं|| श्याम अपना अधिकतर समय वाचनालय में पुस्तकों के साथ गुजारता है । 	வாசகசாலை	படிப்பகம்.||  சியாம் தன்னுடைய அதிகமான நேரத்தை வாசகசாலை சென்று புத்தகங்களுடன் கழித்து விடுகிறான் 	Direct
10026	ADJECTIVE	2196478	ADJECTIVE	thoughtful, serious-minded	"acting with or showing thought and good sense; ""a sensible young man"""	विचारशील,विचारवान,दीर्घदर्शी,विचारवान्,बुद्धिजीवी	जिसमें अच्छी तरह विचार करने की शक्ति हो|| चाणक्य एक विचारशील व्यक्ति था । 	சிந்திக்கும்திறனுடைய	மனிதனுக்கு மட்டும் உரியதாக்க் கருதப்படும் அறிவைப் பயன்படுத்திப் பகுத்து பார்க்கும் திறனுடைய.||  சானக்கியர் ஒரு சிந்தனைத்திறனுடைய மனிதனாக இருந்தார் 	Direct
10027	NOUN	7042854	NOUN	argument, argumentation, debate	"a discussion in which reasons are advanced for and against some proposition or proposal; ""the argument over foreign aid goes on and on"""	वाद-प्रतिवाद,वादप्रतिवाद	शास्त्रीय विषयों में परस्पर होने वाला वाद-विवाद|| अष्टावक्र ने राजा जनक की सभा में उपस्थित बड़े-बड़े विद्वानों से वाद-प्रतिवाद किया । 	வாக்குவாதம்	ஒரு விஷயம் குறித்து வெவ்வேறு நிலையில் இருப்பவர்கள் தாங்கள் சரி என்று கருதியதை வலியுறுத்திப் பேசும் காரசாரமான பேச்சு.||  அப்ஷ்டாவக்ர ராஜா ஜனகரின் சபையில் வீற்றிருந்த பெரியப்பரிய வித்வான்களுடன் வாக்குவாதம் செய்தனர் 	Direct
5947	NOUN	7042854	NOUN	argument, argumentation, debate	"a discussion in which reasons are advanced for and against some proposition or proposal; ""the argument over foreign aid goes on and on"""	वाद-विवाद,वाद विवाद,तर्क-वितर्क,तर्क वितर्क,बहस,तर्क,तर्कानुतर्क,सवाल-जवाब,उत्तर-प्रत्युत्तर,वाद,अध्याहार,बहस मुबाहसा	किसी पक्ष के द्वारा तर्क, युक्ति आदि के साथ खंडन और मंडन में होने वाली बातचीत|| ज़्यादा वाद-विवाद में पड़ने से बना-बनाया काम बिगड़ जाता है । 	வாத-விவாதம், வாக்குவாதம், தர்கம், வாய்சண்டை	செய்திகளை பரிமாறிக்கொள்ளும்போது பிறருடைய தர்கக்கருத்துக்களை வெளிப்படுத்துதல்||  அங்கே ஒவ்வொரு  விஷயத்திற்கும் வாத-விவாதம் நடக்கிறது 	Direct
10030	ADJECTIVE	170216	ADJECTIVE	eloquent, facile, fluent, silver, silver-tongued, smooth-spoken	"expressing yourself readily, clearly, effectively; ""able to dazzle with his facile tongue""; ""silver speech"""	वाक्पटु	बातें करने में चतुर|| वाक्पटु रमेश अपनी बातों से सबको प्रभावित कर देता है । 	பேச்சித்திறன்கொண்ட	நன்றாக பேசும் திறமை||  ரமேஷ் தன்னுடைய பேச்சுத்திறன்கொண்டதால் அனைவரையும் வியப்படையச் செய்தான் 	Direct
10031	NOUN	10116452	NOUN	logician, logistician	a person skilled at symbolic logic	तर्की,वादक	वह जो तर्क या शास्त्रार्थ करता हो|| तर्की के सटीक तर्क को सुनकर सबने अपनी हार मान ली । 	வாதிப்பவன், தர்க்கம்_புரிபவன், வாதாடுபவன், வாதம்_புரிபவன், வழக்காடுபவன், வழக்குரைப்பவன், தர்க்கவாதி	தர்க்கம் புரியும் ஒருவன்||  வாதிப்பவனின் தர்க்கத்தை கேட்டு அனைவரும் தன்னுடைய தோல்வியினால் ஓடிக் கொண்டான் 	Direct
1293	NOUN	10116452	NOUN	logician, logistician	a person skilled at symbolic logic	तर्कशास्त्री,तर्क-शास्त्री,तार्किक,तर्क वेत्ता,हैतुक,वादिक	वह जो तर्कशास्त्र का ज्ञाता हो|| वह एक कुशल तर्कशास्त्री है । 	தர்க்கசாஸ்திரி	தர்க்க சாஸ்திரம் அறிந்தவர்||  அவன் ஒரு திறமையான தர்க்கசாஸ்திரியாக இருக்கிறான் 	Direct
10032	NOUN	10281859	NOUN	plaintiff, complainant	a person who brings an action in a court of law	वादी,फरियादी,मुद्दई,अभियोक्ता,अभियोगकर्ता,अभियोगकर्त्ता,अभियोगी,अर्थी	वह जो न्यायालय में कोई तर्क या पक्ष उपस्थित करता है|| वादी ने अपना पक्ष मज़बूत करने के लिए कई सबूत इकट्ठे किए । 	குற்றவாளி	விசாரணைக்குப் பிறகு நீதி மன்றத்தில் குற்றம் நிரூபிக்கப்பட்ட நபர்.||  குற்றவாளி எப்போதும் தண்டனையிலிருந்து தப்பிக்க முடியாது 	Direct
10033	ADJECTIVE	1433501	ADJECTIVE	aerial	"in or belonging to the air or operating (for or by means of aircraft or elevated cables) in the air; ""aerial particles""; ""small aerial creatures such as butterflies""; ""aerial warfare""; ""aerial photography""; ""aerial cable cars"""	वायव्य	वायु से संबंधित|| वायव्य सूचना से पता चला है कि आज समुद्र में तूफ़ान आनेवाला है । 	வானில்_காற்றூடான, காற்றைச்_சார்ந்த	காற்றின் மூலம் இயக்குவிக்கப்படுகிற||  விண்வெளிக்கு செல்கிறவர்கள் வானில் காற்றூடான கருவியின் உதவியால் செல்கின்றனர். 	Direct
26661	ADJECTIVE	1433501	ADJECTIVE	aerial	"in or belonging to the air or operating (for or by means of aircraft or elevated cables) in the air; ""aerial particles""; ""small aerial creatures such as butterflies""; ""aerial warfare""; ""aerial photography""; ""aerial cable cars"""	हवाई,वायवीय,वायविक,वायव	हवा का या हवा से संबंधित या हवा में होनेवाला|| मुझे हवाई यात्रा का आनन्द लेना है ।  /  बरगद में भी हवाई जड़ें पाई जाती हैं । 	ஆகாயவழி, ஆகாயமார்க, வான்வெளி	காற்றோடு தொடர்புடைய||  எனக்கு ஆகாயவழிப் பயணம் ஆனந்தத்தைக் கொடுக்கிறது 	Direct
10035	NOUN	6043371	NOUN	architecture	"the discipline dealing with the principles of design and construction and ornamentation of fine buildings; ""architecture and eloquence are mixed arts whose end is sometimes beauty and sometimes use"""	वास्तुकला,वास्तु कला,स्थापत्यकला,स्थापत्य कला,वास्तुशिल्प,निर्माणकला	वास्तु या मकान,महल आदि बनाने की कला|| आगरे के ताजमहल की वास्तुकला देखते ही बनती है । 	கட்டடக்கலை, கட்டிடக்கலை	கட்டடங்களை வடிவமைத்து நிர்மானிக்கும் தொழில்நுட்பக்கலை||  ஆக்ராவில் தாஜ்மஹாலின் கட்டிடக்கலை மிகவும் அழகாக இருக்கின்றது 	Direct
10107	NOUN	6043371	NOUN	architecture	"the discipline dealing with the principles of design and construction and ornamentation of fine buildings; ""architecture and eloquence are mixed arts whose end is sometimes beauty and sometimes use"""	शिल्पविद्या	हाथ से वस्तुएँ बनाकर तैयार करने की विद्या|| बढ़ई,कुम्हार आदि शिल्पविद्या में निपुण होते हैं । 	கட்டிடக்_கலை	கட்டிடத்தின் அமைப்பு மற்றும் வடிவ தோற்றத்தை தீர்மானித்தல்||  அந்த வீட்டின் கட்டிடக் கலை அமைப்பு அழகு பொருந்தி உள்ளது. 	Direct
6518	NOUN	6043371	NOUN	architecture	"the discipline dealing with the principles of design and construction and ornamentation of fine buildings; ""architecture and eloquence are mixed arts whose end is sometimes beauty and sometimes use"""	वास्तुशास्त्र,स्थापत्य	वह शास्त्र जिसमें मकान,पुल आदि निर्माण करने की कला का विवेचन होता है|| वास्तुकला में निपुण होने के लिए वह वास्तुशास्त्र का अध्ययन करता है । 	கட்டிடக்கலை	கட்டடங்களை வடிவமைத்து நிர்மாணிக்கும் தொழில்நுட்பக்கலை.||  கட்டிடக்கலையில் நிபுணனாவதற்காக வாஸ்துசாஸ்திரத்தை பயின்றான் . 	Direct
30463	NOUN	6043371	NOUN	architecture	"the discipline dealing with the principles of design and construction and ornamentation of fine buildings; ""architecture and eloquence are mixed arts whose end is sometimes beauty and sometimes use"""	शिल्प शास्त्र,शिल्प विज्ञान,शिल्पशास्त्र	वह शास्त्र जिसमें शिल्प संबंधी जानकारी दी गई हो|| इस महल का निर्माण प्राचीन शिल्पशास्त्र में दिए गए सिद्धांतों के आधार पर किया गया है । 	கட்டிடக்கலை	கட்டிடம் தொடர்பான தகவல் கொடுக்கும் ஒரு கலை||  இந்த மாளிகையின் அமைப்பு பழங்காலக் கட்டிடக்கலையில் கொடுக்கப்பட்ட கோட்பாட்டின் அடிப்படையில் கட்டப்பட்டது 	Direct
10039	NOUN	7008687	NOUN	irony	a trope that involves incongruity between what is expected and what occurs	विडंबना,विडम्बना	अपेक्षित और घटित के बीच होने वाली असंगति|| यह कैसी विडंबना है कि कल का लखपति आज सड़क पर भीख माँग रहा है । 	ஏமாற்றம்	எதிர்பார்ப்பது நிறைவேறாததால் ஏற்படும் மனக்குறை.||   லட்சாபதிகளுக்கு பிறரை ஏமாற்றம் செய்வது மிகவும் சாதாரண விஷயமாகிவிட்டது 	Direct
10041	NOUN	3609271	NOUN	laxative	a mild cathartic	विरेचन,रेचन,जुलाब,रेच्य	दस्त लाने वाली दवा|| जमालगोटा एक अच्छा विरेचन है । 	பேதிமருந்து	வயிற்றுப்போக்கு ஏற்படுத்தும் மருந்து.||  ஒவ்வொருவரும் உடல் ஆரோக்கியத்திற்காக மாதம் ஒரு முறை பேதிமருந்து அருந்த வேண்டும் 	Direct
10042	NOUN	9784133	NOUN	clown, buffoon, merry_andrew	a person who amuses others by ridiculous behavior	विदूषक	प्रायः नाटकों में हँसानेवाला एक पात्र जो नायक का अंतरंग मित्र या सखा होता है|| विदूषक के प्रवेश करते ही रंगमंच की रौनक दोगुनी हो जाती है । 	கோமாளி	நாடகத்தில் உடையால், பேச்சால், அங்க அசைவுகளால் சிரிக்க வைப்பவன்||  கோமாளி மேடைக்கு வரும் சமயம் கைத்தட்டல் பலமானது  	Direct
10043	NOUN	11284676	NOUN	electrical_power, electric_power, wattage	the product of voltage and current	विद्युत्शक्ति	विद्युत या बिजली की शक्ति|| औद्योगीकरण के मूल में विद्युत्शक्ति ही है । 	மின்சாரம்	||  விளக்குகளை ஒளிரச் செய்தல், இயந்திரங்களை இயக்குதல் முதலியவற்றுக்குப் பயன்படும் மின்னணுக்களின் ஓட்டத்தால் கிடைக்கும் சக்தி தொழிற்சாலைகள் மின்சாரம் மூலமாக மட்டுமே இயங்குகிறது 	Direct
10044	NOUN	4856651	NOUN	stateliness	"a elaborate manner of doing something; ""she served coffee with great stateliness"""	एकान्तर,एकांतर,एकान्तरिक,एकांतरिक	एक के बाद एक या एक को छोड़कर उसके बाद वाले स्थान पर आने या पड़नेवाला|| १, ३, ५, ७, ९, आदि एकांतर संख्यायें हैं । 	வரிசை, நிரல், அணி, ஆவளி, சிரேணி	ஏதாவது ஒரு பொருள் வைக்குமிடம் அல்லது சரியான வரிசையில் இருக்கும் நிலை||  மேசை மீது வைக்கப்பட்ட பூச்செண்டுவில் வரிசை  மிக அழகாக இருக்கிறது 	Direct
10045	NOUN	14283606	NOUN	catastrophe, disaster	"a state of extreme (usually irremediable) ruin and misfortune; ""lack of funds has resulted in a catastrophe for our school system""; ""his policies were a disaster"""	संकट काल,विपत्काल,आपत्काल,आपातकाल,आपत्तिकाल,संकट-काल,आपत्ति-काल,आपत,आफ़त,आफत,इमरजेंसी,इमर्जेंसी	संकट या विपत्ति का समय|| हितैषियों की परख संकट काल में ही होती है । 	சங்கடம்	ஒரு நிகழ்ச்சியால் மனதில் ஏற்படும் நெருடல் உணர்வு.||  நன்மை விரும்புகிற குணம் சங்கடம் நிறைந்ததாக இருக்கும் 	Direct
10046	NOUN	6227801	NOUN	case, grammatical_case	nouns or pronouns or adjectives (often marked by inflection) related in some way to other words in a sentence	विभक्ति	शब्द के आगे लगा हुआ वह प्रत्यय अथवा चिन्ह जिससे यह पता लगता है कि उस शब्द का क्रिया पद से क्या संबंध है|| ने,को,का,के लिए,से आदि विभक्ति कहलाते हैं । 	வேற்றுமை	பெயரை வேறுபடுத்திக் காட்டுவது||  ஐ, ஆல், கு, இன், அது, கண் முதலியவற்றை வேற்றுமையாகக் கூறுகிறோம் 	Direct
8631	NOUN	6227801	NOUN	case, grammatical_case	nouns or pronouns or adjectives (often marked by inflection) related in some way to other words in a sentence	कारक	व्याकरण में संज्ञा या सर्वनाम की वह अवस्था जिसके द्वारा किसी वाक्य में उसका क्रिया के साथ संबंध प्रकट होता है|| हिंदी में आठ कारक होते हैं । 	வேற்றுமை_உருபு	இலக்கணத்தில் பெயர்ச்சொல் அல்லது பிரதிபெயர்ச்சொல்லில் ஒரு வாக்கியத்தில் அதன் செயலோடுள்ள தொடர்பை வெளிப்படுத்தும் நிலை||  இந்தியில் எட்டு வேற்றுமை உருபுகள் இருக்கின்றன 	Direct
10047	ADJECTIVE	670237	ADJECTIVE	cathartic, evacuant, purgative	strongly laxative	विरेचक,रेचक,दस्तावर	जिसके खाने या पीने से दस्त आए|| उसने क़ब्ज़ के रोगी को विरेचक दवा पिलाई । 	பேதிஉண்டாதலான	மலம் இளகிப் போதல்,வயிற்றுப்போக்கு உண்டாதலான||  டாக்டர் மலச்சிக்கல் இருக்கும் நோயாளிக்கு பேதிஉண்டாதலான மருந்துக் கொடுத்தார் 	Direct
10048	ADJECTIVE	1883440	ADJECTIVE	antagonistic, counter	indicating opposition or resistance	विरोधात्मक	जो विरोध के रूप में हो|| मंत्रीजी ने अपने भाषण में कुछ विरोधात्मक बातें भी कही । 	எதிர்ப்பான	எஏற்க்கவோ ஒத்துப்போகவோ முடியாத ஒன்றிற்கு ஒருவர் தெரிவிக்கும் கண்டனம் அல்லது அது குறித்து மேற்கொள்ளும் எதிரான போக்கு||  மந்திரி அவர்களின் பேச்சில் எதிர்ப்பான கருத்துக்கள் வெளிப்பட்டது 	Direct
10049	NOUN	13673980	NOUN	contradiction	opposition between two conflicting forces or ideas	विरोधाभास	दो बातों में दिखाई देनेवाला विरोध|| व्यक्ति की बातों में विरोधाभास आते ही वह अविश्वसनीय बन जाता है । 	முரண்பாடு	ஒன்றுடன் அல்லது ஒருவருடன் முரண்படும் நிலை||  மனிதர்களுக்குள் கருத்துக்கள் தெரிவிக்கும் போது சில நேரம் அவர்களுக்குள் முரண்பாடு ஏற்படுகிறது 	Direct
1005	NOUN	4248585	NOUN	stamp	a block or die used to imprint a mark or design	मुहर,मोहर,मुद्रा,स्टैंप,स्टैम्प,सील,स्टांप,स्टाम्प,ठप्पा,छापा,नक़्श,नक्श,अंकक,इस्टाम	अक्षर, चिह्न, नाम आदि की छाप लेने या उन्हें दबाकर अंकित करने का ठप्पा|| प्रधानाचार्य ने अपने नाम की एक मुहर बनवाई । 	முத்திரை	அரசு, அமைப்பு முதலியவற்றைப் பிரதிநிதித்துவப்படுத்தும் குறியீடு||  தலைமை ஆசிரியர் தன் பெயருடன் முத்திரையையும் பதித்தார். 	Direct
5764	NOUN	4248585	NOUN	stamp	a block or die used to imprint a mark or design	ठप्पा,थापा,छापा	लकड़ी या धातु आदि का वह खंड जिसपर कोई आकृति या बेल-बूटे आदि खुदे हों और उसे किसी दूसरी वस्तु पर रखकर दबाने से उसमें खुदी आकृति उतर या बन जाए|| मजदूर ठप्पे से कपड़ों पर तरह-तरह की छाप बना रहा है । 	முத்திரை, அச்சு	குறியீடு பதிப்பதற்கு உதவும் மரம் அல்லது உலோகத்தினால் ஆன ஒரு பொருள்||  தபால்காரன் கடிதங்களின் மேல் முத்திரையைக் கொண்டு குறியீட்டைப் பதித்துக் கொண்டிருந்தான். 	Direct
10050	NOUN	13294859	NOUN	dissolving, dissolution	"the process of going into solution; ""the dissolving of salt in water"""	विलयन,विलय,विलीनीकरण,संविलयन,लय	द्रव में किसी वस्तु के घुलने की क्रिया|| जल में चीनी के विलयन से शरबत बनता है । 	கரைதல்	திரவங்களில் திடப்பொருளைக் கலத்தல் ஒன்றின் பௌதிகவடிவத்தை குறைத்தல்.||  நீரில் சர்க்கரை கரைதல் இயல்பானதாகும் 	Direct
13633	NOUN	13294859	NOUN	dissolving, dissolution	"the process of going into solution; ""the dissolving of salt in water"""	विलय,विलयन,विलीनीकरण,संविलयन,लय	किसी वस्तु, दल आदि का दूसरी वस्तु, दल आदि में समा जाने की क्रिया|| कहा जाता है कि मृत्यु पश्चात् आत्मा का परमात्मा में विलय हो जाता है  । 	ஒன்றல், கரைதல், ஊழி	ஒரு பொருள் மற்றொரு பொருளில் சேரும் செயல்||  இறந்த பின்பு ஆத்மா பரமாத்வோடு ஒன்றிப் போகிறது என்று கூறப்படுகிறது 	Direct
10052	NOUN	6237956	NOUN	adjective	a word that expresses an attribute of something	विशेषण,अवच्छेदक	वह विकारी शब्द जो किसी संज्ञावाची शब्द की विशेषता बतलाता है|| सुंदर लड़की में सुंदर शब्द लड़की की विशेषता बतला रहा है, अस्तु सुंदर विशेषण है । 	பெயரடை, பெயர்அடை	பெயர்ச் சொல்லுக்கு முன்னால் அடையாக  வரும் சொல்||  அழகான பெண்ணில் அழகான என்பது பெயரடை ஆகும் 	Direct
10054	NOUN	6341565	NOUN	encyclopedia, cyclopedia, encyclopaedia, cyclopaedia	a reference work (often in several volumes) containing articles on various topics (often arranged in alphabetical order) dealing with the entire range of human knowledge or with some particular specialty	विश्वकोश	वह ग्रंथ जिसमें संसार के सभी विषयों का विस्तृत विवरण रहता है|| इस विश्वकोश के अठारह खंड हैं । 	இல்லாத	குறிப்பிடப்படுவது இல்லாத நிலை அல்லது தன்மை.||  மழையில்லாத காரணத்தால் குளத்தில் தண்ணிர் இல்லை 	Direct
10055	NOUN	15024155	NOUN	equinox	either of two times of the year when the sun crosses the plane of the earth' s equator and day and night are of equal length	विषुव,सायन	वह समय जब सूर्य के विषुवत् रेखा पर पहुँचने से दिन और रात बराबर होते हैं|| एक वर्ष में दो बार विषुव होता है ।  /  सायन 22 मार्च और 22 सितम्बर को ही होता है । 	நுழைவாயில்	கட்டடம் மைதானம் முதலியவற்றினுள் செல்வதற்கு வெளி எல்லையில் உள்ள திறப்பு.||  அருங்காட்சியகத்தின் நுழைவாயில் செல்வதற்கு பதிவுக் கட்டணம் இருநூறு ரூபாய் கொடுத்தோம் 	Direct
10057	ADJECTIVE	1128800	ADJECTIVE	barren, destitute, devoid, innocent	"completely wanting or lacking; ""writing barren of insight""; ""young recruits destitute of experience""; ""a novel devoid of wit and inventiveness""; ""a life empty of happiness""; ""innocent of literary merit""; ""void of understanding"""	विहीन,रहित,शून्य,हीन,बग़ैर,बगैर,बिना,बिला,बाज,गत,च्युत	किसी वस्तु, गुण आदि से खाली या हीन|| बारिश के अभाव में यह तालाब जल विहीन हो गया है ।  /  अपने अधिकार से च्युत राजा वन को चला गया । 	இல்லாத	குறிப்பிடப்படுவது இல்லாத நிலை அல்லது தன்மை.||  மழையில்லாத காரணத்தால் குளத்தில் தண்ணிர் இல்லை 	Direct
10060	NOUN	7262773	NOUN	shower, cascade	"a sudden downpour (as of tears or sparks etc) likened to a rain shower; ""a little shower of rose petals""; ""a sudden cascade of sparks"""	वर्षा,बारिश,बरखा,वृष्टि	किसी वस्तु आदि का अधिक मात्रा में ऊपर से गिरने या गिराने की क्रिया|| भक्तों ने महात्माजी के ऊपर पुष्प वर्षा की । 	பொழிவு	மேலிருந்து தூவுவது அல்லது பொழிவது||  ராமனின் திருமணத்தின் போது தேவலோகத்திலிருந்து பூப் பொழிவு நிகழ்ந்தது. 	Direct
10062	NOUN	6380201	NOUN	Ayurveda	(Sanskrit) an ancient medical treatise summarizing the Hindu art of healing and prolonging life; sometimes regarded as a 5th Veda	आयुर्वेद,वैद्यिकी,वैद्यक,वैद्य विद्या,आयुर्विज्ञान	वह शास्त्र जिसमें रोगों की पहचान तथा उनकी चिकित्सा जड़ी-बूटियों से कैसे करना है आदि का विवेचन होता है|| आयुर्वेद के अनुसार किसी भी रोग का कारण अम्ल, पित्त अथवा वात ही होता है । 	ஆயுர்வேதம்	பெரும்பாலும் மூலிகைகளைக் கொண்டு சிகிச்ச்சை அளிக்கப்படும் இந்திய மருத்துவ முறை||  ஆயுர்வேதத்தின்படி அமிலம், பித்தம், வாயு முதலியவை ஏதாவது ஒரு நோயின் காரணமாகத் தோன்றுகிறது 	Direct
10063	ADJECTIVE	2788603	ADJECTIVE	constitutional	"of or relating to a constitution; ""constitutional amendments"""	संवैधानिक,संविधानीय,वैधानिक,विधानीय,सांविधानिक,संविधानिक,सांविधिक,आईनी	संविधान या किसी संस्था के नियमों से संबंध रखने वाला|| संवैधानिक नियमों का पालन करना हर नागरिक का कर्तव्य होता है । 	அரசாட்சிக்கு_ஏற்ற, இயல்பான	அரசுக்கு ஏற்ற விதிமுறைகள்||  நாம் அரசாட்சிக்கு ஏற்ற மாதிரி நடந்து கொள்ளவேண்டும். 	Direct
10064	ADJECTIVE	2914756	ADJECTIVE	legislative	"of or relating to or created by legislation; ""legislative proposal"""	वैधानिक,विधानीय	जो विधान के रूप में हो|| हमें वैधानिक कार्यों में बाधा नहीं डालनी चाहिए । 	சட்டரீதியான	சட்டசம்பந்தமான||  ராமன் சட்டரீதியான ஆலோசனையை கேட்க வழக்கறிஞரிடம் சென்றான். 	Direct
10065	NOUN	9990473	NOUN	grammarian, syntactician	a linguist who specializes in the study of grammar and syntax	व्याकरणज्ञ,वैयाकरण,व्याकरणाचार्य,व्याकरणविद्,वैय्याकरण	व्याकरण का ज्ञाता|| पाणिनि संस्कृत के व्याकरणज्ञ थे । 	இலக்கணவியலார்	இலக்கணத்தில் புலமைப் பெற்ற நபர்||  பாணினி சமஸ்கிருதத்தில் இலக்கணவியலாளராக இருந்தார் 	Direct
10067	NOUN	1120914	NOUN	administration, disposal	a method of tending to (especially business) matters	व्यवस्थापन,प्रबंधन,एडमिनिस्ट्रेशन,एडमिनिस्ट्रैशन	व्यवस्था करने की क्रिया या भाव|| हर काम का व्यवस्थापन ठीक होना चाहिए । 	ஏற்பாடு	செயல், நிகழ்ச்சி முதலியவை நடைபெறுவதற்கு எடுக்கப்படும் நடவடிக்கை||  ஒவ்வொரு வேலைக்கான ஏற்பாடு சரியாக இருக்க வேண்டும் 	Direct
10068	NOUN	6092944	NOUN	grammar	the branch of linguistics that deals with syntax and morphology (and sometimes also deals with semantics or morphology)	व्याकरण	वह शास्त्र जिसमें किसी भाषा के शब्दों के प्रकारों और प्रयोग के नियमों आदि का निरूपण होता है|| किसी भी भाषा का आधार उसका व्याकरण होता है । 	இலக்கணம்	மொழியின் ஒலி, எழுத்து, சொல், வாக்கியம் முதலியவற்றின் அமைப்பை வழக்குகளின் அடிப்படையில் விவரிக்கும் விதிகள்.||  இலக்கணம் பிழையில்லாமல் எழுத வேண்டும் 	Direct
10069	ADJECTIVE	493277	ADJECTIVE	permeant, permeating, permeative, pervasive	"spreading or spread throughout; ""armed with permeative irony...he punctures affectations""; ""the pervasive odor of garlic""; ""an error is pervasive if it is material to more than one conclusion"""	व्यापी,व्याप्त,अवकीर्ण,आकीर्ण,आकुल,आकुलित,आचित	व्याप्त होने या चारों ओर फैलनेवाला|| ईश्वर सर्व व्यापी हैं ।  /  धर्म में व्याप्त दोषों को दूर करने का प्रयास होना चाहिए । 	பரவிய	திரவம், வயு முதலியவை ஒரு இடத்திலிருந்து சுற்றியிருக்கும் பகுதிக்குப் படர்தல்.||  கடவுள் எல்லொருடைய இதயத்திலும் பரவிய நிலையில் இருக்கிறார் 	Direct
10071	NOUN	6653485	NOUN	deriving, derivation, etymologizing	(historical linguistics) an explanation of the historical origins of a word or phrase	व्युत्पत्ति,माद्दा	शब्द का वह मूल रूप जिससे वह निकला या बना हो|| भूमि शब्द की व्युत्पत्ति संस्कृत के भू शब्द से हुई है । 	மூலம், பிறப்பிடம்	ஒன்று தோன்றுவதற்கு அடிப்படை ஆதாரம்||  பூமி என்ற சொல்லின் மூலம் சமஸ்கிருதத்தில் பூ என்ற சொல்லிலிருந்து உருவானது 	Direct
10072	NOUN	10358254	NOUN	refugee	an exile who flees for safety	शरणार्थी,रिफ्युजी,मुहाजिर	वह जो अपने निवास-स्थान से बलपूर्वक हटा दिया गया हो तथा दूसरी जगह शरण पाकर रहना चाहता हो|| भारत में बहुत सारे विदेशी शरणार्थी निवास करते हैं । 	தஞ்சம், அடைக்கலம்	ஆபத்தில் இருப்பவர் அல்லது ஆதரவற்றவர் நாடும் பாதுகாப்பான இடம் அல்லது தஞ்சம்||  இந்தியாவில் அதிக வெளிநாட்டவர் தஞ்சம் அடைந்துள்ளனர் 	Direct
10090	NOUN	10358254	NOUN	refugee	an exile who flees for safety	शरणार्थी	वह जो कहीं शरण पाना चाहता हो|| भगवान शरणार्थियों की रक्षा करते हैं । 	சரணாகதி	தன்னைக் காப்பாற்றும் முழுப்பொறுப்பையும் ஒருவரிடம் அளித்து அல்லது தோல்வியை ஒப்புக்கொண்டு அடிபணிதல்||  கடவுள் சரணாகதி அடைபவர்களைப் பாதுகாக்கிறார் 	Direct
10073	NOUN	4225546	NOUN	spike	a long sharp-pointed implement (wood or metal)	खूँटी,खूटी,नागदंत,नागदन्त,घोड़िया,धुर	दीवार आदि में ठोंकी हुई लकड़ी, लोहे आदि की मोटी कील|| सीता कपड़े टाँगने के लिए दीवाल में खूँटी ठोंक रही है । 	ஊசி	முள் போன்ற கூரியமுனையும் நூல் கோர்க்கச் சிறு துளையும் உடைய தைக்ப் பயன்படும் சிறு கம்பி.||  அம்மா நூலை ஊசியில் கோற்றாள் 	Direct
10075	NOUN	498086	NOUN	chess, chess_game	a board game for two players who move their 16 pieces according to specific rules; the object is to checkmate the opponent' s king	शतरंज	एक प्रकार का खेल जो चौंसठ ख़ानों की बिसात पर खेला जाता है|| शतरंज का खेल बत्तीस गोटियों से खेला जाता है । 	சதுரங்கம்	கறுப்பு வெள்ளை கட்டங்களில் குறிப்பிட்ட விதிமுறைகளின் படி இராஜா ராணி போன்ற காய்களை நகர்த்தி இருவர் விளையாடும் விளையாட்டு.||  அவன் சதுரங்கம் விளையாடினான் 	Direct
10076	NOUN	15006433	NOUN	century	a period of 100 years	शताब्दी,सदी,शती,शतक	सौ वर्ष का समय|| इस शताब्दी में भारत की आर्थिक स्थिति में बहुत सुधार हुआ है । 	நூற்றாண்டு	நூறு ஆண்டுகள் கொண்ட காலம்.||  பெரியார் பல்கலைக்கழகம் நூற்றாண்டு விழா கொண்டாடியது 	Direct
10078	NOUN	3881078	NOUN	photograph, photo, exposure, pic	a picture of a person or scene in the form of a print or transparent slide; recorded by a camera on light-sensitive material	फोटो,छायाचित्र,छाया-चित्र,छाया चित्र,फ़ोटो,छवि,छबि,फोटो चित्र,फ़ोटोग्राफ़,फोटोग्राफ	किसी वस्तु, व्यक्ति आदि का फोटोकैमरे से निकाला हुआ चित्र|| इस आवेदनपत्र पर अपना एक फोटो भी चिपका दीजिए । 	சுபமுகூர்த்தம், சுபநேரம்	சுபநேரம், சுபமுகூர்த்தம்||  சுபமுகூர்த்தம் தவறிவிட்டது என்று ஐயர் கூறினார். 	Direct
10079	ADJECTIVE	2272367	ADJECTIVE	hundred, one_hundred, 100, c	being ten more than ninety	सौ,शत,100,१००,सय	नब्बे और दस|| इस सम्मेलन में लगभग सौ विद्वान भाग ले रहे हैं । 	நூறு	பத்தின் பத்து மடங்கைக் குறிக்கும் எண்.||  இந்த கூட்டத்தில் ஏறக்குறைய நூறு வித்துவாங்கள் கலந்து கொண்டனர் 	Direct
1008	NOUN	4791400	NOUN	morality	concern with the distinction between good and evil or right and wrong; right or good conduct	नैतिकता	नैतिक होने की अवस्था या भाव|| आप खुद अनैतिक रहकर दूसरों को नैतिकता का पाठ नहीं पढ़ा सकते । 	நீதிசம்பந்தம்	எது சரி, எது தவறு என்ற கருத்து தொடர்பானவை.||  நீங்கள் அநீதியாக இருந்து கொண்டு நீதி சம்பந்தப்பட்ட பாடங்களை கற்பிக்காதீர்கள் 	Direct
1842	NOUN	4791400	NOUN	morality	concern with the distinction between good and evil or right and wrong; right or good conduct	सद्व्यवहार,सदाचार,सद् व्यवहार,सदाचरण,साधुता,नेकचलनी,सुव्यवहार,मर्यादा,अच्छा बरताव,अच्छा व्यवहार,धर्म,धरम,आर्यधर्म,आर्यधरम,आकूति	वह व्यवहार जिसमें उत्तमता का भाव हो || हमें सबके साथ सद्व्यवहार करना चाहिए ।  /  सद्व्यवहार लोगों में प्यार बढ़ाता है । 	ஒழுக்கம், நல்லநடத்தை, நன்னடத்தை	தனிமனிதன் கடைபிடிக்க வேண்டிய நெறி.||  ஒழுக்கத்தால் மக்களிடம் அன்பு அதிகரிக்கிறது 	Direct
10080	ADJECTIVE	1704554	ADJECTIVE	centenarian	being at least 100 years old	शतायु	सौ वर्ष की आयुवाला|| गुरु महराज ने अपने यजमान को शतायु होने का आशीर्वाद दिया । 	நூறுவயதான	நூறு ஆண்டுகள் நிரம்பியது||  குரு மாகாராசன் தன்னுடைய எஜமானனை நூறுவயது வரை இருக்க ஆசீர்வாதம் கொடுத்தார் 	Direct
10084	ADVERB	162675	ADVERB	slowly, slow, easy, tardily	"without speed (`slow'  is sometimes used informally for `slowly' ); ""he spoke slowly""; ""go easy here--the road is slippery""; ""glaciers move tardily""; ""please go slow so I can see the sights"""	धीरे,धीमे,हौले,आहिस्ते,आहिस्ता,धीरे से,धीमे से,हौले से,आहिस्ते से,आहिस्ता से,आसते,आस्ते	नीची या हल्की आवाज़ या स्वर में|| थोड़ा धीरे बोलो । 	மெதுவாக, மந்தமாக, மெல்லமெல்ல	மெதுவாக||  ராதா மெதுவாக நடந்து சென்றாள். 	Direct
10085	ADVERB	162675	ADVERB	slowly, slow, easy, tardily	"without speed (`slow'  is sometimes used informally for `slowly' ); ""he spoke slowly""; ""go easy here--the road is slippery""; ""glaciers move tardily""; ""please go slow so I can see the sights"""	धीरे-धीरे,धीरे धीरे,आहिस्ते-आहिस्ते,आहिस्ता-आहिस्ता,आराम से,आहिस्ते से,हौले-हौले,होले-होले,रफ्ता-रफ्ता,धीमे-धीमे,धीमे,धीरे,हौले,आहिस्ते,आहिस्ता,धीरे से,आहिस्ता से,आसते,आस्ते,मंद-मंद,मन्द-मन्द,अल्पशः	शिथिल या धीमी गति से|| हाथी धीरे-धीरे चल रहा है ।  /  उनका शरीर अल्पशः गिरता चला जा रहा है । 	மெதுவாக	வேகம் இல்லாத நிலை||  தாத்தா மெதுவாக நடந்தார் 	Direct
35551	ADVERB	162675	ADVERB	slowly, slow, easy, tardily	"without speed (`slow'  is sometimes used informally for `slowly' ); ""he spoke slowly""; ""go easy here--the road is slippery""; ""glaciers move tardily""; ""please go slow so I can see the sights"""	धीरे से,आहिस्ते से,आहिस्ता से,आसते से,आस्ते से,धीमे से	इस प्रकार से कि जल्दी किसी को पता न चले|| वह धीरे से अपने कपड़े उठाकर निकल गया । 	மெதுவாக, மெதுவாய், மெல்ல, மெல்லமாய்	மெல்ல - மெல்ல||  அவன் மெதுவாக வெளியேறினான் 	Direct
10086	NOUN	6221477	NOUN	syllable	"a unit of spoken language larger than a phoneme; ""the word `pocket'  has two syllables"""	शब्दांश	शब्द का अंश या भाग|| गति में ग और ति दो शब्दांश हैं । 	அசை	யாப்பில் எழுத்தை அடிப்படையாகக் கொண்டு அமைக்கப்பட்ட அலகு||  கதி என்ற சொல்லில் க மற்றும் தி என்ற இரண்டு அசைகள் இருக்கின்றன 	Direct
14678	NOUN	6221477	NOUN	syllable	"a unit of spoken language larger than a phoneme; ""the word `pocket'  has two syllables"""	अक्षर,आखर,हरफ,हर्फ,हरफ़,हर्फ़	शब्द का वह अंश जिसका उच्चारण श्वास के एक झटके में होता है|| राम शब्द में दो अक्षर हैं । 	எழுத்து	மொழியில் உள்ள ஒலிகளுக்குத் தரப்பட்டுள்ள வரிவடிவம்||  ராம் வார்த்தையில் இரண்டு எழுத்துக்கள் இருக்கின்றன 	Direct
10087	NOUN	8399703	NOUN	checkpoint	a place (as at a frontier) where travellers are stopped for inspection and clearance	नाका	वह प्रमुख स्थान जहाँ से किसी नगर आदि में जाने का मार्ग आरंभ होता है|| रायपुर नाके पर बस खराब हो गई । 	நுழைவாயில், கோட்டைவாயில், சாலை_தொடங்கும்_இடம்	நுழைவாயில், கோட்டைவாயில், சாலை தொடங்கும் இடம்||  நுழைவாயிலில் நின்று கொண்டிருந்த பேருந்து பழுதாகிவிட்டது. 	Direct
10088	NOUN	6334856	NOUN	vocabulary	a listing of the words used in some enterprise	शब्दावली	विषय अथवा कार्य-संबंधी शब्दों की सूची|| अंग्रेजी की शिक्षिका ने पाठ समाप्त करते ही कक्षा के सभी छात्रों को शब्दावली तैयार करने के लिए कहा । 	சொல்லகராதி	நிகழ்வு அல்லது செயல் தொடர்பான சொற்களின் தகவல்||  ஆங்கில ஆசிரியர் பாடத்தை நிறைவு செய்து வகுப்பில் உள்ள அனைத்து மாணவருக்கும் சொல்லகராதி தயார் செய்யக் கூறினார் 	Direct
10089	NOUN	6984444	NOUN	wording, diction, phrasing, phraseology, choice_of_words, verbiage	"the manner in which something is expressed in words; ""use concise military verbiage""- G.S.Patton"	शब्दावली	किसी वाक्य कथन अथवा रचना में प्रयुक्त शब्दों का प्रकार या क्रम|| शब्दावली के अनुरूप ही वाक्य रचना करनी चाहिए । 	சொல்லடைவு	ஒரு நூலில் இருக்கும் அனைத்து சொற்களையும் அகரவரிசைப்படுத்தி தயாரிக்கும் பட்டியல்||  சொல்லடைவின்படி வாக்கியபடைப்பு இருக்க வேண்டும் 	Direct
1009	NOUN	1109584	NOUN	government, governing, governance, government_activity	"the act of governing; exercising authority; ""regulations for the governing of state prisons""; ""he had considerable experience of government"""	शासन,प्रशासन,हुकूमत,शासन-प्रबंध,शासन-प्रबंधन,अनुशासन,सियासत,राज्य,राज,राजशाही,राज्यव्यवस्था,राज्य-व्यवस्था,राज्य व्यवस्था,अधिशासन,अभिशासन,अमल,अमीरी,एडमिनिस्ट्रेशन,एडमिनिस्ट्रैशन	राज्य के कार्यों का प्रबंध और संचालन|| आजकल देश का शासन भ्रष्टाचारियों के हाथ में है । 	ஆட்சி, ஆள்பவர், ஆளுதல், அரசாங்கத்தினர், ஆதிக்கமண்டலம்	மக்களால் தேர்ந்தெடுக்கப்பட்டவர்களோ அதிகாரத்தைக் கைப்பற்றியவர்களோ நடத்தும் அரசு நிர்வாகம்||  தற்பொழுது தேசத்தின் ஆட்சி தீவிரவாதத்தின் கையில் இருக்கிறது 	Direct
12654	NOUN	1109584	NOUN	government, governing, governance, government_activity	"the act of governing; exercising authority; ""regulations for the governing of state prisons""; ""he had considerable experience of government"""	संचालन,अवधान	ऐसा प्रबंध या व्यवस्था करने की क्रिया जिसमें कोई काम चलता या होता रहे|| इस संस्था का संचालन बहुत अच्छी तरह से हो रहा है । 	இயக்கம்	ஒன்றை செயல்படுத்தும் நிலை.||  இந்த நிறுவனத்தின் இயக்கம் மிக நன்றாக நடந்து கொண்டிருக்கிறது 	Direct
1010	NOUN	1109584	NOUN	government, governing, governance, government_activity	"the act of governing; exercising authority; ""regulations for the governing of state prisons""; ""he had considerable experience of government"""	सुशासन,सुराज,सुराज्य	सुव्यवस्थित और अच्छा शासन|| सुशासन के द्वारा ही राष्ट्र का विकास संभव है । 	நல்லாட்சி, நல்லஆட்சி	நன்மை விளைவிக்கும் வகையில் ஆட்சி நடத்துதல்.||  நல்லாட்சியின் மூலம் தேசத்தின் வளர்ச்சிக்கு வாய்புகள் அதிகம் 	Hypernymy
20902	NOUN	1109584	NOUN	government, governing, governance, government_activity	"the act of governing; exercising authority; ""regulations for the governing of state prisons""; ""he had considerable experience of government"""	बादशाही,बादशाहत,सुल्तानी,सुलतानी,सल्तनत,सलतनत	बादशाह का शासन|| अकबर की बादशाही बहुत दिनों तक चली । 	சக்கரவர்த்தி	அரசவையின் ஆட்சி||  அக்பர் சக்கரவர்த்தியாக நீண்டநாட்கள் வரை இருந்தார் 	Hypernymy
10094	NOUN	3077517	NOUN	corner, street_corner, turning_point	"the intersection of two streets; ""standing on the corner watching all the girls go by"""	नाका,मुहाना	किसी रास्ते आदि का वह छोर जिससे होकर लोग किसी ओर जाते या मुड़ते हैं|| नाके पर मुड़ते ही मुझे महेश मिल गया । 	மூலை	மூலை||  கிருஷ்ணன் தெருவின் மூலைக்கு வந்த பொழுது ராமனைக் கண்டான். 	Direct
9306	NOUN	3077517	NOUN	corner, street_corner, turning_point	"the intersection of two streets; ""standing on the corner watching all the girls go by"""	नुक्कड़,नुक्कड़,नाका	मकान,गली अथवा मार्ग पर आगे की ओर निकला हुआ कोना|| चौराहे के नुक्कड़ पर खड़ा लड़का ट्रक की चपेत में आ गया । 	மூலை, தெருமுனை	மூலை, தெருமுனை||  நாற்சந்தியின் மூலையில் நின்று கொண்டிருந்த சிறுவன் பேருந்தில் ஏறினான் 	Direct
19579	NOUN	13510669	NOUN	peseta, Spanish_peseta	formerly the basic unit of money in Spain; equal to 100 centimos	पेसेटा	स्पेन में चलने वाली मुद्रा || मुझे दस पेसेटों की ज़रूरत है । 	பேசேடா	ஸ்பெயினில் புழக்கத்தில் இருக்கக்கூடிய முத்திரை||  எனக்கு பத்து பேசேடால் தேவைப்படுகிறது 	Direct
10096	ADJECTIVE	703371	ADJECTIVE	accursed, accurst, maledict	under a curse	शापित,शापग्रस्त,शप्त,अभिशप्त,अभिशापित,आक्रुष्ट,आकोशित,नासपीटा,नासपिटा	शाप दिया हुआ|| शापित अर्जुन वृहन्नला के रूप में राजा विराट के घर उसकी बेटी उत्तरा को नृत्य की शिक्षा दे रहे थे । 	சாபமான	ஒருவர்மீது கோபம் கொண்டு அவருக்குத் தீங்கு அல்லது அழிவு நேர வேண்டுமென்று கூறும் வார்த்தை||  சாபத்தினால் அர்ச்சுனன் திருநங்கை உருவத்தில் விராடமன்னன் வீட்டில் அவருடையப் பெண் உத்திராவிற்கு நடனம் கற்றுக்கொடுத்தார் 	Direct
10102	NOUN	3006854	NOUN	clamp, clinch	a device (generally used by carpenters) that holds things firmly together	शिकंजा	दबाने, कसने आदि का उपकरण|| शिकंजा से दबाकर जिल्दसाज़ किताबों के पन्ने काटते हैं । 	பற்றுக்கருவி	அழுத்தும், இறுக்கும் ஒரு கருவி||  பற்றுக்கருவியினால் அழுத்தி மொத்தமாக ஒட்டியுள்ள புத்தகங்கள் பக்கங்களை கத்தரிக்கின்றனர் 	Direct
10106	NOUN	6320839	NOUN	epigraph	an engraved inscription	शिलालेख	पत्थर पर लिखा या खुदा हुआ कोई प्राचीन लेख|| खुदाई से मिले हुए शिलालेखों से हमें प्राचीन सभ्यता का ज्ञान होता है । 	கல்வெட்டு	பெரும்பாலும் அரசர் பெற்ற வெற்றி, அளித்த கொடை முதலியவற்றைக் குறித்து பாறையில் அல்லது கல்லில் செதுக்கப்பட்ட வாசகம்.||  புதையலில் கிடைக்கப்பட்ட கல்வெட்டு கிடைத்தலிலிருந்து நாம் பழமையான பண்பாட்டை அறிந்துக் கொள்ளலாம் 	Direct
10109	NOUN	8400049	NOUN	campsite, campground, camping_site, camping_ground, bivouac, encampment, camping_area	a site where people on holiday can pitch a tent	शिविर,कैंप,कैम्प	वह स्थान जहाँ अस्थाई रूप से कुछ लोग मिलकर किसी विशेष कार्य या उद्देश्य से रहें|| मोतियाबिंद का मुफ़्त इलाज करने के लिए डाक्टरों ने दस दिनों का शिविर लगाया है । 	கூடாரம்	தற்காலிகமாகத் தங்குவதற்கு கழிகளை நட்டு அவற்றின் மேல் தண்ணீர் புகாத கனத்த கித்தான் துணியை விரித்து இழுத்துக் கட்டி அமைக்கும் அமைப்பு.||  கண் சிகிச்சை முகாமிற்காக மருத்துவர்கள் பத்து நாட்கள் வரை கூடாரம் அமைத்துதிருக்கிறார்கள் 	Direct
27088	NOUN	8400049	NOUN	campsite, campground, camping_site, camping_ground, bivouac, encampment, camping_area	a site where people on holiday can pitch a tent	शिविर-स्थल,शिविर स्थल,शिविर-स्थली,शिविर स्थली	वह स्थान जहाँ शिविर लगाए जाते हैं|| शिविर-स्थल की सफाई हो रही है । 	கூடாரம், தங்குமிடம், இருப்பிடம், வசிப்பிடம்	தங்கவைக்கப்படுகிற இடம்||  கூடாரம் சுத்தமாக இருக்கிறது 	Direct
1011	NOUN	5560123	NOUN	Hell, perdition, Inferno, infernal_region, nether_region, pit	"(Christianity) the abode of Satan and the forces of evil; where sinners suffer eternal punishment; ""Hurl' d headlong...To bottomless perdition, there to dwell""- John Milton; ""a demon from the depths of the pit"""	नरक,नर्क,जहन्नुम,दोज़ख,पापलोक,दहर	धार्मिक विचारों के अनुसार वह स्थान जहाँ पापियों या दुराचारियों की आत्माएँ दंड भोगने के लिए भेजी जाती हैं|| पापी मरने के बाद नरक में जाता है । 	நரகம், நகர், பட்டினம், பேரூர், புரி	பாவம் செய்தவர்கள் இறந்த பிறகு சென்று சேர்வதாக நம்பப்படும் கொடுமையும் துன்பங்களும் நிறைந்த உலகம்.||  இந்த இடம் அடிப்படைத் தேவைக்கும் அவஸ்தைப்படுகிற நரக வாழ்க்கை ஆனது 	Direct
10110	NOUN	4843615	NOUN	decorum, decorousness	propriety in manners and conduct	शिष्टाचार,अख़लाक़,अखलाक	शिष्ट या सभ्य आचरण|| शिष्टाचार से मनुष्य समाज में सम्मान पाता है । 	நற்குணம்	நல்லகுணம்||  நற்குணம் கொண்டதால் மனிதன் சமூகத்தில் மரியாதை பெறுகிறான் 	Direct
10111	NOUN	6543071	NOUN	welcome	"a greeting or reception; ""the proposal got a warm welcome"""	आवभगत,आदरसत्कार,आदर-सत्कार,आव-भगत,आव-आदर,ख़ातिरदारी,ख़ातिरी,खातिरदारी,खातिरी,आवभाव,आव-भाव,खातिर-तवाजा,आशंसा	आदर-सम्मान|| सेठ मनोहरजी सबकी आवभगत करते हैं । 	உபசரிப்பு, வரவேற்பு	வீட்டுக்கு வருபவர்களுக்குக் காட்டும் வரவேற்பும் கவனிப்பும்.||  செட் மனோகர் அனைவரையும் வரவேற்கின்றான் 	Direct
10112	NOUN	13374325	NOUN	refrigeration, infrigidation	the process of cooling or freezing (e.g., food) for preservative purposes	शीतकरण,शीतलन,शीतलकरण,संशीतन	किसी वस्तु को सुरक्षित रखने के लिए उसे ठंडा करने की क्रिया|| शीतकरण द्वारा आईसक्रीम बनाई जाती है । 	குளிர்சாதனப்பெட்டி, குளிரூட்டும்இயந்திரம்	ஏதாவது ஒரு பொருளைப் பாதுகாப்பாக வைத்து அதை குளிரூட்டும் சாதனம்||   குளிர்சாதனப்பெட்டி ஐஸ்க்ரீம் தயாரிக்கப் பயன்படுகிறது 	Direct
10114	NOUN	10593335	NOUN	vintner, winemaker, wine_maker	someone who makes wine	कलार,कलाल,कलवार,कल्यपाल,शुंडी,मंडहारक,शौंडिक,शौण्डिक,शौंडि,शौण्डि,आबकार,पण	वह जो मद्य बनाता और बेचता हो|| पुलिस ने कलार को शराब बनाते हुए पकड़ा । 	சாராயம்_காய்ச்சுபவள், இரேயம்_காய்ச்சுபவள், சரக்கு_காய்ச்சுபவள், மதுசாரம்_காய்ச்சுபவள், மதுரசம்_காய்ச்சுபவள், அடுநறா_காய்ச்சுபவள்	மதுவை||  காவலாளி சாராயம் காய்ச்சும் இடத்திலிருந்து சாராயம் காய்ச்சும் பெண்ணை பிடித்தது 	Direct
10116	NOUN	6542376	NOUN	regard, wish, compliments	"(usually plural) a polite expression of desire for someone' s welfare; ""give him my kind regards""; ""my best wishes"""	शुभकामना,शुभ कामना	किसी के लिए की जाने वाली अच्छी कामना|| माता-पिता के हृदय में बच्चों के लिए सदा शुभकामनाएँ ही होती हैं । 	நல்விருப்பம்	ஒருவர் தனக்கு பிடித்த ஒன்றை அல்லது தனக்கு உகந்ததாக்க் கருதும் ஒன்றைச் செய்யவோ அடையவொ வேண்டும் என்ற உணர்வு.||  அம்மா,அப்பா மனதில் குழந்தைகளுக்காக எப்போழுதும் நல்விருப்பம் இருந்துக்கொண்டிருக்கிறது 	Direct
10117	NOUN	656721	NOUN	nursing	the work of caring for the sick or injured or infirm	सेवा-शुश्रूषा,शुश्रूषा,तीमारदारी	रोगी की परिचर्या|| नर्स ने बड़ी लगन से रोगी की सेवा-शुश्रूषा की । 	தொண்டு	தன்னலம்கருதாமல், எந்த வித ஆதாயத்தையும் எதிர்பார்க்காமல் ஒன்றின் நன்மைக்காக அல்லது வளர்ச்சி போன்ற வற்றுக்கா ச் செய்யும் பணி||  ஆயா மிகுந்த ஈடுபாட்டுடன் நோயாளிகளுக்கு தொண்டு செய்தாள் 	Direct
10118	NOUN	1379738	NOUN	alga, algae	primitive chlorophyll-containing mainly aquatic eukaryotic organisms lacking true stems and roots and leaves	शैवाल,सेवार,सिवार,सिवाल,तोयशूका,तोयवृक्ष,जलपृष्ठजा,अंबुचामर,अम्बुचामर,अर,अरक,अर्क,सकंटक,जलकेश,जलशूचक,वारिचामर,अवका	पानी के भीतर होनेवाली एक प्रकार की घास|| तालाब में शैवाल अधिक होने के कारण तैरने में असुविधा होती है । 	மரப்பாசி, கற்பாசி	நீரின் உள்ளே ஏற்படுகிற ஒரு வகை புல்||  குளத்தில் கற்பாசி அதிசமாக இருந்த காரணத்தால் நீந்துவதற்கு கடினமாக இருக்கிறது 	Direct
1012	NOUN	13957559	NOUN	asthma, asthma_attack, bronchial_asthma	respiratory disorder characterized by wheezing; usually of allergic origin	दमा,अस्थमा	एक रोग जिसमें साँस बहुत अधिक तेजी से फूलने लगती है|| वह दमा से पीड़ित है । 	ஆஸ்துமா	மனிதர்களுக்கு மூச்சுகுழலில் ஏற்படும் நோய்.||  மந்திரி அவர்கள் ஆஸ்துமா நோயால் அவதிப்பட்டார் 	Direct
10120	ADJECTIVE	58628	ADJECTIVE	adorned, decorated	provided with something intended to increase its beauty or distinction	सुशोभित,शोभान्वित,शोभायमान,शोभित,विराजित,कलित,अभिमंडित,सुसज्जित,शोभनीय,ज़ेबा,जेबा,उजहदार	शोभा देने वाला|| राजा के सिर पर सुशोभित रत्न जड़ित मुकुट है । 	மிக_அழகான	அழகைக் கொடுக்கக்கூடியது||  மன்னனுடைய தலையில் மிக அழகான ரத்தினம் பதித்த கிரீடம் இருக்கிறது 	Direct
13264	ADJECTIVE	58628	ADJECTIVE	adorned, decorated	provided with something intended to increase its beauty or distinction	सुसज्जित,आरास्ता	अच्छी तरह सजा या सजाया हुआ|| होटल का वह कमरा सुसज्जित है । 	நன்கு_அலங்கரிக்கப்பட்ட	நன்கு அலங்கரிக்கப்பட்ட||  திருமண மண்டபம் நன்கு அலங்கரிக்கப்பட்ட நிலையில் இருந்தது. 	Direct
1162	ADJECTIVE	58628	ADJECTIVE	adorned, decorated	provided with something intended to increase its beauty or distinction	अलंकृत,उपाधित,विभूषित,अलङ्कृत,अलंकित,अलङ्कित,सम्मानित	जिसे किसी पद, गरिमा आदि से विभूषित किया गया हो|| भारत-भूषण की उपाधि से अलंकृत आर के लक्ष्मण अपने कार्टूनों के लिए जाने जाते हैं । 	அலங்கரிக்கப்பட்ட, அலங்கரித்த	ஒருவரை அல்லது ஒன்றை அழகுப்படுத்துதல்||  அவன் பத்மபூஷன் என்ற பட்டத்தால் அலங்கரிக்கப்பட்டான். 	Direct
10121	NOUN	10365186	NOUN	research_worker, researcher, investigator	a scientist who devotes himself to doing research	अनुसंधान कर्ता,अनुसंधानकर्ता,अनुसंधानी,अनुसन्धान कर्ता,अनुसन्धानकर्ता,अनुसन्धानी,अन्वेषक,अन्वेषण कर्ता,शोध कर्ता,शोधकर्ता,अन्वेषी,अन्वेष्टा,शोध कर्त्ता,अन्वेषण कर्त्ता,अनुसंधान कर्त्ता,अनुसन्धान कर्त्ता,अन्वेषणकर्त्ता,अनुसंधानकर्त्ता,अनुसन्धानकर्त्ता,रिसर्चर	वह जो शोध करता हो|| अनुसंधान कर्ता अनुसंधान में लगे हुए हैं । 	ஆராய்ச்சிசெய்பவன்	ஆய்வு செய்பவர்||  ஆராய்ச்சிசெய்பவன் ஆராய்ச்சியில் ஈடுபட்டிருக்கிறார் 	Direct
10122	NOUN	9406617	NOUN	Satan, Old_Nick, Devil, Lucifer, Beelzebub, the_Tempter, Prince_of_Darkness	(Judeo-Christian and Islamic religions) chief spirit of evil and adversary of God; tempter of mankind; master of Hell	शैतान,इबलीस,इलीस	ईसाई, इस्लाम आदि धर्मों में तमोगुण का प्रधान जो मनुष्यों को ईश्वर के विरुद्ध चलाता और धर्म मार्ग से भ्रष्ट करता है|| शैतान लोगों को गलत रास्ते पर ले जाता है । 	சாத்தான்	கடவுளின் எதிரியாகவும், தீய சக்தியாகவும் கருதப்படும் தீய ஆவி.||  சாத்தான் மக்களை தவறு செய்ய தூண்டியது 	Direct
10125	NOUN	6256351	NOUN	Mrs, Mrs.	a form of address for a married woman	श्रीमती	श्रीमान् का स्त्रीलिंग रूप, जिसका प्रयोग विवाहित स्त्रियों के नाम के पहले होता है|| श्रीमती इंदिरा गाँधी हमारे देश की प्रथम महिला प्रधान मंत्री थीं । 	திருமதி	திருமணமான பெண்ணின் பெயருக்கு முன்னால் மதிப்புத் தரும் முறையில் இடப்படும் அடை.||  திருமதி முகுந்த என்னுடைய சகோதரி 	Direct
10126	NOUN	6256260	NOUN	mister, Mr, Mr.	a form of address for a man	श्रीमान्,श्रीमान	एक आदरसूचक शब्द जो पुरुषों के नाम के पहले या उनको संबोधित करने के लिए लगाया जाता है|| श्रीमान् अजीत जोगी छत्तीसगढ़ के प्रथम मुख्य मंत्री नियुक्त किए गए हैं । 	திரு	மதிப்புத் தரும் முறையில் ஒரு ஆணின் பெயருக்கு முன்னால் இடப்படும் அடை.||  திரு நடராசன் சென்னைக்கு சென்றார் 	Direct
16054	NOUN	6256260	NOUN	mister, Mr, Mr.	a form of address for a man	श्री	एक आदरसूचक संबोधन|| श्री पुरुषों के नाम के आगे लगाया जाता है । 	திரு, திருவாளர்	மதிப்புத் தரும் முறையில் ஒரு ஆணின் பெயருக்கு முன்னால் இடப்படும் சொல்||  திரு ஆண்களின் பெயர்களுக்கு முன்னால் போடப்படுவது 	Direct
10127	NOUN	7062012	NOUN	dictation	speech intended for reproduction in writing	श्रुतलेख,इमला	सुनकर लिखा हुआ लेख|| गुरुजी बच्चों से श्रुतलेख लिखवा रहे हैं । 	சொல்வதை_எழுதுதல்	கேட்டு எழுதப்படும் எழுத்து||  ஆசிரியர் குழந்தைகளுக்கு சொல்வதை எழுதுதல் பயிற்ச்சி கொடுத்தார் 	Direct
10128	NOUN	6598769	NOUN	recognition, credit	"approval; ""give her recognition for trying""; ""he was given credit for his work""; ""give her credit for trying""; ""the credits were given at the end of the film"""	श्रेय	किसी काम के लिए मिलने वाला यश|| रिया को हिंदी में सबसे अधिक अंक प्राप्त होने का श्रेय उसकी शिक्षिका तमिस्रा को जाता है । 	புகழ்	ஒன்றை பற்றி அல்லது ஒருவரை பற்றி உயர்வாக் கூறுதல் சிறப்பித்துக் கூறுதல்.||  ரியா இந்தியாவில் அதிக மதிப்பெண்கள் பெருவதற்கான புகழ் அவளுடைய ஆசிரியை கமலாவைச்சாறும் 	Direct
10129	NOUN	10014128	NOUN	hearer, listener, auditor, attender	someone who listens attentively	श्रोता	वह जो कथा, उपदेश, व्याख्यान आदि सुनता हो|| श्रोता मुग्ध होकर स्वामीजी का प्रवचन सुन रहे थे । 	கேட்பவர்கள்	சொல்வதை கேட்கும் திறன் கொண்டவர்கள்||   ஸ்வாமியின் சொற்ப்பொழிவை கேட்பவர்கள் மோகத்தில் ஆழ்ந்து கேட்டுக் கொண்டிருந்தனர் 	Direct
1013	NOUN	4575846	NOUN	cheerfulness, cheer, sunniness, sunshine	"the quality of being cheerful and dispelling gloom; ""flowers added a note of cheerfulness to the drab room"""	प्रसन्नता,ख़ुशी,खुशी,आनंद,आनन्द,हर्ष,प्रफुल्लता,परितोष,आनंदता,आनन्दता,फरहत,तफरीह,तफ़रीह,शादमनी,रजा,रज़ा,बहाली,हृष्टि	प्रसन्न होने की अवस्था या भाव|| राम के चेहरे पर प्रसन्नता झलक रही थी ।  /  आपसे मिलकर मुझे ख़ुशी हुई । 	மகிழ்ச்சி, சந்தோஷம், ஆனந்தம், இன்பம்	விரும்பத் தகுந்த அல்லது நிறைவு தரக் கூடிய அனுபவத்தினால் ஏற்படும் ஓர் உணர்வு.||  கல்லூரி நாட்களைப் போன்ற மகிழ்ச்சியான காலம் என் வாழ்வில் வேறு இல்லை 	Direct
8112	NOUN	10069255	NOUN	jewelry_maker, jeweler, jeweller	someone who makes jewelry	बेगड़ी	नगीनों आदि को तराश कर सुडौल बनानेवाला कारीगर|| स्वर्णकार की दुकान पर बैठा बेगड़ी पत्थरों को तराश कर गहनों में जड़ रहा था । 	நகையை_செதுக்குபவன், ஆசாரி	நகைகளை செதுக்கி அழகாக்கக்கூடிய கைவினைஞர்||  பொற்கொல்லர் கடையில் உட்கார்ந்து செதுக்கிய டிசைனர் கற்களை அழகாக்கி ஆபரணத்தில் இணைத்தார் 	Direct
4906	NOUN	10069255	NOUN	jewelry_maker, jeweler, jeweller	someone who makes jewelry	जौहरी,रत्न पारखी,रत्नपरीक्षक,जूलर	वह जिसे रत्नों की अच्छी परख हो|| एक कुशल जौहरी रत्नों को हाथ में लेकर ही उनके असली और नकली होने की पहचान कर लेता है । 	ரத்தினவியாபாரி	ரத்தினங்களை விற்பவர்.||  ஒரு நல்ல ரத்தின் வியாபாரி ரத்தினங்களை கையில் எடுத்தவுடன் எது உண்மையானரத்தினம் எது பொய்யான ரத்தினம் என்று சொல்லிவிடுவார் 	Direct
10135	NOUN	3828839	NOUN	packing_needle	a large needle used to sew up canvas packages	सूआ,सूजा,सुआ	बोरा आदि सीने की बड़ी सुई|| हमाल सूए से अनाज की बोरियाँ सी रहा है । 	ஊசி	சாக்குகளை தைக்கும் ஊசி||  ஹமால் ஊசியிலிருந்து தானிய சாக்குகளை தைத்துக் கொண்டிருக்கிறான் 	Direct
10136	NOUN	5627901	NOUN	doubt, uncertainty, incertitude, dubiety, doubtfulness, dubiousness	the state of being unsure of something	संदिग्धता	संदिग्ध होने की अवस्था या भाव|| पुलिस इस बात की संदिग्धता का पता लगा रही है । 	சந்தேகம், உறுதியின்மை, ஐயப்பாடு	உறுதியாக சொல்ல முடியாத நிலையில் உள்ள விஷயம்||  அவன் மனதில் சந்தேகம் இருந்து கொண்டே இருந்தது. 	Direct
6208	NOUN	5627901	NOUN	doubt, uncertainty, incertitude, dubiety, doubtfulness, dubiousness	the state of being unsure of something	संशय,संदेह,सन्देह,शंका,शङ्का,आशंका,आशङ्का,भ्रांति,भ्रान्ति,शक,शुबहा,अंदेशा,अन्देशा,अभिशंका,अभिशङ्का,आशंसा,एतराज,एतराज़,ऐतराज,ऐतराज़,इतराज,इतराजी,विशय,युतक	ऐसा ज्ञान जिसमें पूरा निश्चय न हो|| मुझे उसकी बात की सच्चाई पर संशय है । 	சந்தேகம்	குற்றம் அல்லது தவறு நடந்திருக்கலாம் என்று நினைக்க வைக்கும் உணர்வு .||  எனக்கு அவனுடைய பேச்சில் சந்தேகம் இருக்கிறது. 	Direct
16794	NOUN	5627901	NOUN	doubt, uncertainty, incertitude, dubiety, doubtfulness, dubiousness	the state of being unsure of something	अनिश्चय,अनिर्णय,अप्रतिपत्ति	निश्चय या निर्णय का अभाव|| अनिश्चय की स्थिति में काम को स्थगित कर देना ही अच्छा होगा । 	முடிவு, நிர்ணயம், தீர்மானம்	ஒரு செயல், நிகழ்ச்சி , கதை முதலியவை நிறைவடைந்து மேலும் தொடராமல் நின்றுவிடும் நிலை||  இந்தியா, பாகிஸ்தான் பிரச்சனை முடிவில்லாததாக இருக்கிறது 	Direct
8094	VERB	292692	VERB	adjust, set, correct	"alter or regulate so as to achieve accuracy or conform to a standard; ""Adjust the clock, please""; ""correct the alignment of the front wheels"""	चढ़ाना	सितार, ढोल आदि की डोरी या तार कसना या तानना|| ढोलकिया ढोलक चढ़ा रहा है । 	சுருதியேற்று	இசைக்கருவிகளில் ஆதாரமான ஒலி வர அமைத்தல்||  அவன் மிருதங்கத்தில் சுருதியேற்றக் கற்றுக் கொண்டிருந்தான். 	Direct
10138	NOUN	13956064	NOUN	typhoid, typhoid_fever, enteric_fever	serious infection marked by intestinal inflammation and ulceration; caused by Salmonella typhosa ingested with food or water	टाइफाइड,टाइफायड,टाइफॉयड,टाइफ़ाइड,मोतीझरा,मियादी बुखार,आंत्र-ज्वर,आन्त्र-ज्वर,आंत्रीय ज्वर,आंत्रिक-ज्वर	एक तरह का आंत्र-ज्वर|| मोहन टाइफाइड से पीड़ित है । 	குடற்காய்ச்சல், டைபாய்டு	ஒரு வகையான குடற் காய்ச்சல்.||  அவன் குடற்காய்ச்சலால் பத்துநாட்கள் கஷ்டப்பட்டான் 	Direct
10139	NOUN	9895566	NOUN	editor, editor_in_chief	a person responsible for the editorial aspects of publication; the person who determines the final content of a text (especially of a newspaper or magazine)	संपादक,सम्पादक,एडीटर	वह जो किसी समाचार-पत्र अथवा पुस्तक को क्रम आदि से लगाकर और उसे सब प्रकार से ठीक करके प्रकाशित करता हो|| मासिक पत्रिका कादंबिनी के संपादक श्री राजेन्द्र अवस्थीजी हैं । 	பத்திரிக்கையாசிரியர், பத்திரிக்கைஆசிரியர்	பத்திரிக்க்கை, தொலைக்காட்சி போன்றவற்றுக்குச் செய்தி சேகரிப்பவர் அல்லது பத்திரிகை தொடர்பான பணியில் இருப்பவர்.||  மாதாந்திர பத்திரிக்கையாசிரியர் சங்கம் வைத்து குறைகளை நிவர்த்தி செய்தனர் 	Direct
1014	ADJECTIVE	2578705	ADJECTIVE	utilized, utilised	put to use	प्रयुक्त,व्यवहृत,उपभुक्त,इस्तमालशुदा,इस्तेमाली	जो काम में लाया गया हो या जिसका उपयोग किया गया हो|| हलवाई ने मिठाई में प्रयुक्त चीज़ों की सूची बनाई । 	பயன்படுத்தப்பட்ட	தேவையை நிறைவேற்றும் பொருட்டு ஒன்றை பயன்படுத்தியச் செயல்.||  இந்த பொருட்காட்சியில் காந்திஜி பயன்படுத்தப்பட்ட பொருள்கள் காட்சிக்கு வைக்கப்பட்டுள்ளன 	Direct
10140	NOUN	14269214	NOUN	completeness	the state of being complete and entire; having everything that is needed	संपूर्णता,पूर्णता,समग्रता,अशेषता,पौष्कल्य	संपूर्ण होने की अवस्था या भाव या जिसमें कोई कमी आदि न हो|| इस संस्था की संपूर्णता के लिए श्याम ने कड़ी मेहनत की है । 	பிழையின்மை, குறைபாடற்ற_தன்மை	எவ்வித குறையும் இல்லாத நிலை||  சிற்பி செதுக்கிய சிலையில் இருந்த பிழையின்மையைக் கண்டு அனைவரும் வியந்தனர். 	Direct
10142	ADJECTIVE	2547051	ADJECTIVE	leery, mistrustful, suspicious, untrusting, wary	openly distrustful and unwilling to confide	संशयी,संशयशील,संदेही,शक्की,शंकालु,अप्रत्ययी,शंकाशील,विशयी	जो सहज में किसी व्यक्ति या बात आदि का विश्वास न करता हो|| मानसी अपने संशयी पति से बहुत परेशान है । 	சந்தேகதன்மையுள்ள, சந்தேகமுள்ள	குற்றம் அல்லது தவறு நடந்திருக்கலாம் என்று நினைக்க வைக்கும் உணர்வு.||  மானசி சந்தேகதன்மையுள்ள கணவனால் மிகவும் குழப்பம் அடைந்திருக்கிறாள் 	Direct
1323	ADJECTIVE	2547051	ADJECTIVE	leery, mistrustful, suspicious, untrusting, wary	openly distrustful and unwilling to confide	अविश्वासी,नाएतबारा	जिसे विश्वास न हो या जो किसी पर विश्वास न करता हो|| उसको समझाने से कोई फ़ायदा नहीं होगा,वह एक अविश्वासी व्यक्ति है । 	நம்பிக்கையில்லாத, நம்பிக்கையற்ற, அவநம்பிக்கையான, நம்பகமில்லாத, நம்பகமற்ற, நம்பகம்இல்லாத, விசுவாசமில்லாத, விசுவாசமற்ற, விசுவாசம்இல்லாத, விசுவாசம்அற்ற, விஸ்வாசமில்லாத, விஸ்வாசமற்ற, விஷ்வாசமில்லாத, விஷ்வாசமற்ற	தனக்கு உகந்த முறையிலே நன்மை தரும் வகையிலோ ஒருவர் நடந்து கொள்வார் என்ற பிடிப்பு இல்லாதத் தன்மை.||  இராம் ஒரு நம்பிக்கையில்லாத மனிதன் 	Direct
10143	VERB	43411	VERB	prank	"dress up showily; ""He pranked himself out in his best clothes"""	सँवरना,सजना,बनना-ठनना,शृंगार करना,सजना-धजना,सजना-सँवरना,सजना सँवरना,आकल्प	सज्जित या अलंकृत होना|| दुल्हन विवाह मंडप में जाने से पूर्व सँवरती है । 	ஒழுங்குப்படுத்து	ஒவ்வொரு செயலையும் செய்வற்தகு ஏற்பட்டிருக்கும் நியதி அல்லது பொருத்தமான முறை||  புதுமணப்பெண் திருமண மண்டபம் செய்வதற்கு முன்பு அழகுபடுத்திக் கொண்டிருத்தல் 	Direct
10144	VERB	202884	VERB	better, improve, amend, ameliorate, meliorate	"to make better; ""The editor improved the manuscript with his changes"""	सुधारना,सुधार करना,संशोधन करना,सँवारना,अनगाना,सोधना,ठीक करना,संवारना	दोष, त्रुटियाँ आदि दूर करके ठीक या अच्छी अवस्था में लाना या दुरुस्त या ठीक करके काम में लाने योग्य बनाना|| गुरुजी हमारे द्वारा लिखे गए लेख को सुधार रहे हैं । 	மாற்று	இருக்கும் நிலையிலிருந்து புதிய அல்லது வித்தியாசமான நிலைக்கு வருமாறு செய்தல்.||  முற்போக்குவாதிகள் சமுதாயத்தை மாற்றுவார்கள் 	Direct
11929	VERB	202884	VERB	better, improve, amend, ameliorate, meliorate	"to make better; ""The editor improved the manuscript with his changes"""	बढ़ाना,विकसित करना,उन्नत करना,बिकसाना,ऊंचा उठाना,ऊँचा उठाना,पनपाना,उभारना,उभाड़ना	उन्नत करना|| सरकार ने कृषि संसाधनों को बढ़ाया है । 	முன்னேறு	முன்னேற்றம் அடைய||  அவன் கடின உழைப்பின் மூலம் முன்னேறினான். 	Direct
10146	NOUN	5093625	NOUN	resource	"a source of aid or support that may be drawn upon when needed; ""the local library is a valuable resource"""	साधन,संसाधन,स्रोत	प्राप्ति का भंडार|| ऊर्जा के लिए हमें प्राकृतिक संसाधनों पर निर्भर होना चाहिए । 	வளம்	மிகுதியான இருப்பு||  நாட்டில் இயற்கை வளம் அழிந்து கொண்டு வருகிறது. 	Direct
10148	NOUN	6427018	NOUN	memorial	a written statement of facts submitted in conjunction with a petition to an authority	संस्मरण	किसी व्यक्ति के संबंध की स्मरणीय घटनाएँ या उनका उल्लेख|| महादेवी वर्मा ने अपने संस्मरण में बहुत कुछ लिखा है । 	நினைவு	ஒன்றை அல்லது ஒருவரைப் பற்றி மனதில் த்ங்கியிருக்கும் பதிவுகள்.||  மகாதேவி வர்மா தன்னுடைய நினைவு இல்லாமல் அதிகம் எழுதவில்லை 	Direct
10152	NOUN	6434335	NOUN	contract	a binding agreement between two or more persons that is enforceable by law	इक़रारनामा,इकरारनामा,अनुबंध-पत्र,शर्तनामा,करारनामा,क़रारनामा,क़रार-नामा,करार-नामा,बांड,बान्ड,बॉन्ड,प्रतिज्ञा-पत्र,प्रतिज्ञा पत्र,प्रतिज्ञापत्र,गिरमिट,एकरारनामा,वचन-बंध,वचनबंध,वचन-बन्ध,वचनबन्ध,प्रसंविदा	वह पत्र जिसपर किसी प्रकार का इक़रार और उसकी शर्तें लिखी हों|| दोनों दलों ने इक़रारनामे पर हस्ताक्षर कर दिए हैं । 	ஒப்பந்தபத்திரம்	நபர்கள், அமைப்புகள், நாடுகள் போன்றவை ஏதேனும் ஒன்றைத் தமக்குள் செயல்டுத்த முடிவுசெய்யும்போது அதற்காக நடைமுறைக் குறிப்புகளோடு ஏற்படுத்திக்கொள்ளும் உடன்படிக்கை பத்திரம்.||  இருத்தரப்பினரும் ஒப்பந்தபத்திரம் கொண்டு கையெழுத்திட்டனர் 	Direct
93	NOUN	6434335	NOUN	contract	a binding agreement between two or more persons that is enforceable by law	ठेका,कॉन्ट्रैक्ट,कान्ट्रैक्ट,ठीका,संविदा,इजारा	कुछ धन आदि के बदले में किसी का कोई काम पूरा करने या कराने का लिया गया जिम्मा|| उसे सड़क बनवाने का ठेका मिला । 	பணிஒப்பந்தம், ஒப்பந்தவேலை, ஒப்பந்தம்	பணத்திற்காக ஏதாவது ஒரு வேலையை முழுமையாக முடிப்பதற்கான உடன்படிக்கை||  அந்த சாலையை உருவாக்கும் பணிஒப்பந்தம் கிடைத்தது 	Direct
10156	NOUN	14368344	NOUN	putrescence, putridness, rottenness, corruption	in a state of progressive putrefaction	सड़न,सड़ान,सड़ाव,सड़ना,पाँस,पांशु	सड़ने की क्रिया या भाव|| दाँतों को सड़न से बचाने के लिए खाने के बाद ब्रश करना चाहिए । 	அழுகுதல்	இலை,பழம்,முதலிய பொருள்களீன் தன்மை கெட்டுப்போன நிலை.||  இலைகள் அழுகுதலால் உரமாகிறது 	Direct
10157	VERB	547368	VERB	decay	"undergo decay or decomposition; ""The body started to decay and needed to be cremated"""	सड़ना	किसी वस्तु में ऐसा विकार होना जिससे उसके अंग गलने लगे और उसमें से दुर्गंध आने लगे|| फल, सब्जियाँ आदि जल्दी सड़ती हैं । 	அழுகிபோதல், அழுக, கெட்டுபோதல்	பொருளின்த்தில் மாற்றம் அடைந்து அதிலிருந்து துர்நாற்றம் வீசுதல்.||  பழங்கள் காய்கறிகள் சீக்கிரமாக அழுகிபோகிறது 	Direct
10158	VERB	453542	VERB	sour, turn, ferment, work	"go sour or spoil; ""The milk has soured""; ""The wine worked""; ""The cream has turned--we have to throw it out"""	खमीर उठना,खमीर आना,ख़मीर उठना,ख़मीर आना,सड़ना	जल मिले पदार्थ में में विशिष्ट प्रकार का रासायनिक परिवर्तन होना|| इडली के आटे में अभी तक खमीर नहीं उठा है । 	வீணாகு, கெட்டுபோ, புளித்துபோ	நீர்த்த பொருட்களில் புளிப்பைக் கொடுக்கும் ஈஸ்டின் விளைவு||  இட்லி மாவு இப்பொழுது வரை வீணாகவில்லை 	Direct
6884	VERB	453542	VERB	sour, turn, ferment, work	"go sour or spoil; ""The milk has soured""; ""The wine worked""; ""The cream has turned--we have to throw it out"""	फटना	दूध, खून जैसे गाढ़े द्रव पदार्थ में ऐसा विकार होना जिससे उसका सार भाग अलग और पानी अलग हो जाय|| गर्मी के दिनों में दूध अक्सर फटता है । 	திரி	பால் போன்றவை பதம் கெட்டுத் திப்பிதிப்பியாக மாறுதல்.||  கோடைக்காலத்தில் பால் பெரும்பாலும் திரிந்து போகிறது 	Direct
22461	VERB	453542	VERB	sour, turn, ferment, work	"go sour or spoil; ""The milk has soured""; ""The wine worked""; ""The cream has turned--we have to throw it out"""	भकसाना	अधिक समय तक पड़ा रहने के कारण किसी खाद्य पदार्थ का दुर्गंधयुक्त और कसैला होना || यह भोजन भकसा गया है । 	ஊசிப்போ, கெட்டுப்போ, பதனழிந்துபோ	நீண்ட நேரம் வரை இருக்கும் காரணத்தால் ஏதாவது ஒரு உணவுப்பொருள் துர்நாற்றத்துடன் கெட்டுப்போவது||  அந்த உணவு ஊசிப்போய்விட்டது 	Direct
33312	VERB	453542	VERB	sour, turn, ferment, work	"go sour or spoil; ""The milk has soured""; ""The wine worked""; ""The cream has turned--we have to throw it out"""	तुर्शाना,खट्टा होना	खट्टा हो जाना|| यह दही अत्यधिक तुर्शा गई है । 	புளிப்பாக_இரு, புளித்திரு, புளிப்பேறியிரு	புளிப்பாவது||  இந்த தயிர் அதிக புளிப்பாக இருக்கிறது 	Direct
10159	VERB	92794	VERB	waste, rot	"waste away; ""Political prisoners are wasting away in many prisons all over the world"""	सड़ना	हीन अवस्था में पड़े रहना|| गरीबों का धन हड़पने वाले लाला बुढ़ापे में सड़ते रहे । 	அழுகு, பதனழிந்துபோ	கெட்ட நிலையில் இருப்பது||  ஏழைகளின் பணத்தை அபகரித்த லாலா முதுமையில் அழுகிப்போனான் 	Direct
10161	NOUN	6303988	NOUN	space, blank_space, place	"a blank area; ""write your name in the space provided"""	खाली स्थान,रिक्त स्थान,खाली जगह,ख़ाली स्थान	जिसमें कुछ लिखा हुआ न हो|| खाली स्थान में उपयुक्त शब्द भरें । 	வெற்றிடம்	ஏதும் நிரப்பப்படாத காலியான இடம்||  அந்த வெற்றிடத்தில் பேரை எழுதுமாறு ஆசிரியர் மாணவர்களிடம் கூறினார். 	Direct
10163	NOUN	4814487	NOUN	probity	"complete and confirmed integrity; having strong moral principles; ""in a world where financial probity may not be widespread""; ""he enjoys an exaggerated reputation for probity"""	सत्यनिष्ठा	सत्यनिष्ठ होने का भाव|| गाँधीजी की सत्यनिष्ठा जग जाहिर है । 	ஈடுபாடு	நாட்டம்||  காந்திஜி உண்மையில் ஈடுபாடு கொண்டது உலகமக்கள் அறிந்ததே 	Direct
10164	NOUN	1227579	NOUN	Satyagraha	the form of nonviolent resistance initiated in India by Mahatma Gandhi in order to oppose British rule and to hasten political reforms	सत्याग्रह	किसी सत्य या न्यायपूर्ण पक्ष की स्थापना के लिए शांतिपूर्वक हठ करने की क्रिया|| गाँधीजी अंग्रेजों से अपनी बात मनवाने के लिए सत्याग्रह शुरु कर देते थे । 	சத்தியாகிரகம்	ஏதாவது ஒரு உண்மை நியாயமாக இருக்கும் பட்சத்தில் அமைதியாக இருந்து போராட்டம் செய்யும் செயல்||  ஆங்கிலேயர்கள் காந்திஜியின் செயலைக் கேட்காததால் சத்தியாகிரகம் செய்ய ஆரம்பித்தார் 	Direct
10165	NOUN	7234830	NOUN	devastation, desolation	an event that results in total destruction	सर्वनाश,सत्यानाश,गुड़गोबर,मटिआमेट,मटियामेट,मलिआमेट,मलियामेट,गुड़-गोबर,मटिआ-मेट,मटिया-मेट,मलिआ-मेट,मलिया-मेट,मूलोच्छेद	पूरा नाश|| बाढ़ के कारण कई तटीय गाँवों का सर्वनाश हो गया ।  /  तुमने मेरा सारा काम गुड़गोबर कर दिया । 	சர்வநாசம், முழுஅழிவு, நித்தூளி, நிர்நாசம்	முழுமையான அழிவு||  வெள்ளத்தின் காரணமாக சில கரையோர கிராமங்கள் சர்வநாசமாகிறது 	Direct
1017	NOUN	9268462	NOUN	rainbow	an arc of colored light in the sky caused by refraction of the sun' s rays by rain	इंद्रधनुष,इन्द्रधनुष,इंद्रचाप,इन्द्रचाप,इंद्र-धनुष,इन्द्र-धनुष,इंद्रधनु,इन्द्रधनु,इंद्र-धनु,इन्द्र-धनु,सुरधनु,सुरधनुष,धनक,इन्द्रायुध,इंद्रायुध,शक्रकार्म्भुक,घनकोदंड,घनकोदण्ड,शक्रचाप,शक्रधनु,शक्रधनुष,मेघधनु,इंद्र-चाप,इन्द्र-चाप	सात रंगों का वह अर्द्धवृत्त जो वर्षाकाल में आकाश में सूर्य के सामने की दिशा में दिखाई देता है|| वर्षा काल में इंद्रधनुष आकाश की ख़ूबसूरती में चार चाँद लगा देता है । 	வானவில், இந்திரதனுக, இந்திரதனுஷ், இந்திரவில்.	மழைத்துளிகளின் ஊடே சூரிய ஒளி ஊடுருவுவதால் வானத்தில் ஏழு வண்ணத்தில் வில் போன்று தோன்றும் வளைவு.||  மழை பெய்த பின் வானத்தில் வானவில் அழகாகத் தோன்றும் 	Direct
10171	ADJECTIVE	460222	ADJECTIVE	dazed, stunned, stupefied, stupid(p)	"in a state of mental numbness especially as resulting from shock; ""he had a dazed expression on his face""; ""lay semiconscious, stunned (or stupefied) by the blow""; ""was stupid from fatigue"""	सन्न,संज्ञाशून्य,संवेदनाशून्य,संज्ञाहीन,संवेदनाहीन,संज्ञारहित,संवेदनारहित,निश्चेष्ट,जड़,अचेष्ट	डर से चुप|| प्रियंका साँप को देखते ही सन्न हो गई । 	வாயடைத்து	வாயடைத்து||  நான் பாம்பைக் கண்டவுடன் வாயடைத்துப் போனேன். 	Direct
5644	ADJECTIVE	460222	ADJECTIVE	dazed, stunned, stupefied, stupid(p)	"in a state of mental numbness especially as resulting from shock; ""he had a dazed expression on his face""; ""lay semiconscious, stunned (or stupefied) by the blow""; ""was stupid from fatigue"""	महामूर्ख,मिट्टी का घोंघा,बुद्धि का भसुर,वज्र मूर्ख,निपट गँवार,जड़ मूर्ख,उल्लू का पट्ठा,खूसट,गंडमूर्ख,गण्डमूर्ख,वज्रधी	जो बहुत बड़ा मूर्ख या नासमझ हो|| पंडितों ने महामूर्ख कालीदास का विवाह विद्योत्मा से करा दिया।  /  उसे यह काम मत सौंपो,वह महामूर्ख है । 	மகாமுட்டாள்	ஒன்றுமே தெரியாதவன்||  இந்த வேலையை அவனிடம் ஒப்படைக்காதே அவன் மகா முட்டாள் தன்மையுள்ளவன். 	Direct
16614	ADJECTIVE	2054439	ADJECTIVE	unrespected	accorded no respect	असम्मानित,अनादृत,अनादरित	जिसका आदर या सम्मान न किया गया हो|| असम्मानित कवि महफ़िल से उठकर चले गए । 	மரியாதையற்ற	மரியாதையற்ற||  மரியாதையற்ற கவிஞன் கவியரங்கத்தை விட்டு வெளியேறினான். 	Direct
10173	NOUN	13959275	NOUN	pneumonia	respiratory disease characterized by inflammation of the lung parenchyma (excluding the bronchi) with congestion caused by viruses or bacteria or irritants	निमोनिया,न्युमोनिया	एक रोग जिसमें कफ़, वात और पित्त तीनों बिगड़ जाते हैं और सर्दी लगने के कारण फेफड़ों में सूजन हो जाती है|| रोहित को निमोनिया हो गया है । 	நிமோனியா	கபம், வாதம் மற்றும் பித்தம் மூன்றும் கெட்டுப் போவதால் மேலும் குளிரின் காரணத்தால் நுரையீரல் வீக்கம் ஏற்படுகிறது||  ரோகித்திற்கு நிமோனியா வந்தது 	Direct
10175	NOUN	9087696	NOUN	Big_Dipper, Dipper, Plough, Charles' s_Wain, Wain, Wagon	a group of seven bright stars in the constellation Ursa Major	सप्तर्षि,सप्तऋषि,सप्त ऋषि,हल	वे सात तारे जो साथ रहकर ध्रुव की परिक्रमा करते हुए उत्तर दिशा में दिखाई पड़ते हैं|| हर रात सप्तर्षि को आकाश में देखा जा सकता है । 	சப்தரிஷி	ஏழு நட்கத்திரங்கள் அடங்கிய ஒரு விண்மீன் கூட்டம்||  ஒவ்வொரு இரவும் சப்தரிஷிகளை ஆகாயத்தில காணமுடிகிறது 	Direct
7998	ADJECTIVE	335729	ADJECTIVE	negligent	"marked by insufficient care or attention; ""a negligent housekeeper""; ""negligent about personal cleanliness"""	उपेक्षक	जो उपेक्षा करता हो|| सारे काम में तुम उपेक्षक व्यक्ति की भूमिका निभाते हो । 	ஒதுக்கப்பட்ட	ஒன்றை அல்லது ஒருவரைத் தேவையில்லை, முக்கியத்துவம் இல்லை என்பதால் தவிர்த்தல்.||  அவன் எப்பொழுதும் ஒதுக்கப்பட்ட வேலைகளை மட்டும் செய்தான் 	Direct
1018	NOUN	437206	NOUN	water_sport, aquatics	sports that involve bodies of water	जलक्रीड़ा,जल-क्रीड़ा,जलकेलि,जलविहार,जल-विहार,वारि विहार,तोयक्रीड़ा	वह क्रीड़ा या खेल जो जल में खेला जाता है|| इस जलाशय में युवा दम्पति जलक्रीड़ा करते हुए नज़र आ ही जाते हैं । 	நீர் விளையாட்டு	நீரில் விளையாடும் ஒருவகையான விளையாட்டு||  இந்த நீர்நிலையில் இளம் தம்பதிகள் நீர்விளையாட்டு விளையாடுபவர்களள  இரசித்துக் கொண்டிருக்கின்றனர் 	Direct
10180	NOUN	1028510	NOUN	devotion	"(usually plural) religious observance or prayers (usually spoken silently); ""he returned to his devotions"""	समर्पण	धर्म भाव से या श्रद्धा-भक्तिपूर्वक कुछ कहते हुए अर्पित करने का भाव|| मीरा का भगवान कृष्ण के प्रति समर्पण उसके द्वारा रचित गीतों में परिलक्षित होता है । 	சமர்ப்பணம்	ஒன்றை அல்லது ஒருவரைக் கவுரவிக்கும் விதத்தில் தன்னுடைய படைப்பை அதற்கு அல்லது அவருக்கு சமர்ப்பித்தல்||  என்னுடைய கடவுள் கிருஷ்ணனுக்கு சமர்ப்பணமாக அவர் படைத்த கீதையை சமர்ப்பிக்கிறேன் 	Direct
10181	NOUN	65701	NOUN	capitulation, fall, surrender	"the act of surrendering (under agreed conditions); ""they were protected until the capitulation of the fort"""	समर्पण,आत्मसमर्पण,सरेंडर	युद्ध, विवाद आदि बंद करके अपने आप को शत्रु या विपक्षी के हाथ में सौंपने की क्रिया|| राजा पुरु ने सिकंदर के सामने समर्पण कर दिया । 	ஒப்படைத்தல்	தன் பொறுப்பில் உள்ள ஒருவரை அல்லது ஒன்றை மற்றொருவர் பொறுப்பில்விடுதல்.||  ராஜா புரு சிக்கந்தருக்கு முன்பாக ஒப்படைத்தல் மிக அவசியமாகும் 	Direct
8514	NOUN	65701	NOUN	capitulation, fall, surrender	"the act of surrendering (under agreed conditions); ""they were protected until the capitulation of the fort"""	आत्मसमर्पण	अपने आप को किसी के हाथ सौंपने या पूरी तरह से किसी के वश में या अधीन हो जाने की क्रिया|| आतंकवादियों ने पुलिस के सामने आत्मसमर्पण कर दिया । 	ஆத்மசமர்பணம்	மனத்தூய்மையுடன் ஒன்றை ஒருவரைக் கௌரவிக்கும் விதத்தில் தன்னுடைய படைப்பை அதற்கு அல்லதுஅவருக்குச் சமர்ப்பித்தல்||  தீவிரவாதிகள் போ 	Direct
7975	NOUN	1026392	NOUN	consecration	"(religion) sanctification of something by setting it apart (usually with religious rites) as dedicated to God; ""the Cardinal attended the consecration of the church"""	अभिमंत्रण,अभिमन्त्रण	मंत्र द्वारा संस्कार करने की क्रिया|| गुरु ने शिष्यों के अभिमंत्रण के लिए जल लिया । 	புனிதம்	தெய்வீகத்தன்மையும் உயர்வாக மதிக்கக்கூடிய தன்மையும் கொண்டது||  குரு சிஷ்யர்களின் புனிதத்திற்காக நீர் எடுத்துக்கொண்டார் 	Direct
10183	NOUN	9659172	NOUN	arbiter, arbitrator	someone chosen to judge and decide a disputed issue	पंच	कोई झगड़ा या मामला निपटाने के लिए नियत किए गये दल का कोई सदस्य|| पंच को अपना निर्णय सोच-समझ कर देना चाहिए । 	பஞ்சாயத்தார்	குழுக்கள், தனி நபர்கள் இடையே எழும் பிரச்சினைகளை அல்லது அந்தந்தச் சாதிகளைச் சேர்ந்த பெரியவர்கள் அடங்கிய குழு.||  பஞ்சாயத்தார் தன்னுடைய தீர்பை நன்கு யோசித்து கொடுக்க வேண்டும் 	Direct
10186	ADJECTIVE	152851	ADJECTIVE	appropriate	"suitable for a particular person or place or condition etc; ""a book not appropriate for children""; ""a funeral conducted the appropriate solemnity""; ""it seems that an apology is appropriate"""	उचित,उपयुक्त,ठीक,सही,मुनासिब,वाजिब,योग्य,लायक,लायक़,ऐन,रास,प्रशस्त,ज़ेबा,जेबा,मुफीद,मुफ़ीद,मौजूँ,मौजूं,मौज़ूँ,मौज़ू,अर्ह	जैसा होना चाहिए वैसा या जहाँ होना चाहिए वहाँ|| आपको उचित बात कहनी चाहिए ।  /  समुचित प्रयास से ही किसी भी कार्य में सफलता मिलती है । 	உசிதம், சரி, முறை, பொருத்தம், தகுதி	எப்படி இருக்க வேண்டுமோ அப்படி இருக்கிற||  நீ அவரிடம் நடந்ததை சொல்வது உசிதமானது. 	Direct
2923	ADJECTIVE	152851	ADJECTIVE	appropriate	"suitable for a particular person or place or condition etc; ""a book not appropriate for children""; ""a funeral conducted the appropriate solemnity""; ""it seems that an apology is appropriate"""	संगत,उचित,ठीक,उपयुक्त,मुनासिब,यथोचित्,वाजिब,वाज़िब,माकूल,जायज़,जायज,फिट,ज़ेबा,जेबा,मुफीद,मुफ़ीद,लाज़िमी,लाज़िम,लाजिमी,लाजिम,लाज़मी,लाजमी	पूर्वापर या आस-पास की बातों के विचार से अथवा और किसी प्रकार से ठीक बैठने या मेल रखने वाला|| मंत्री जी के संगत उत्तर से पत्रकार चुप हो गये । 	சரியான, ஒழுங்கான, முறையான, தெளிவான	தவறு குழப்பம் இல்லாமல் இருக்கும் நிலை.||  மந்திரியின் சரியான பதிலால் வாயடைத்து போனார் 	Direct
10190	VERB	1033351	VERB	whistle, sing	"make a whining, ringing, or whistling sound; ""the kettle was singing""; ""the bullet sang past his ear"""	सरसराना,सर-सर करना,सरसर करना	हवा आदि का सरसर शब्द करते हुए चलना|| आज सुबह से ही हवा सरसरा रही है । 	வீசு, அடி	காற்றின் சர்சர் என்ற சத்தம்||  இன்று காலையிலிருந்தே காற்று வீசிக்கொண்டிருக்கிறது 	Direct
10191	ADVERB	292473	ADVERB	cursorily, quickly	"without taking pains; ""he looked cursorily through the magazine"""	सरसरी	अच्छी तरह ध्यान लगाकर नहीं,बल्कि जल्दी में|| छात्र परीक्षा से पूर्व सभी पाठों को सरसरी निगाह से देख रहे हैं । 	அவசரமாக	மிக வேகமாக||  தேர்விற்கு முகேஷ் அவசரமாக கிளம்பினான். 	Direct
7972	NOUN	2976499	NOUN	channel	"a passage for water (or other fluids) to flow through; ""the fields were crossed with irrigation channels""; ""gutters carried off the rainwater into a series of channels under the street"""	बरहा	खेतों में सिंचाई के लिए बनायी जानेवाली छोटी नाली|| किसान अपने असमतल खेत की सिंचाई करने के लिए बरहा बना रहा है । 	பாசன_வாய்க்கால்	வயலில் நீர் இறைப்பதற்காக உருவாக்கப்பட்ட சிறு வாய்க்கால்.||  விவசாயி தன் வயலில் பாசன வாய்க்கால் அமைத்தான். 	Direct
6431	NOUN	2976499	NOUN	channel	"a passage for water (or other fluids) to flow through; ""the fields were crossed with irrigation channels""; ""gutters carried off the rainwater into a series of channels under the street"""	नाला,प्रणाली	वह जलमार्ग जिसमें वर्षा का पानी बहता है|| लगातार बारिश होने के कारण नालों में उफान आ गया है । 	சாக்கடை	கழிவுநீருக்கான கால்வாய் அல்லது குழாய்ப் பாதை .||  தொடர்ந்து மழைபெய்ததால் சாக்கடையில் தண்ணீர் நிரம்பிவிட்டது. 	Direct
10193	NOUN	9555031	NOUN	Bermudan, Bermudian	a native or inhabitant of Bermuda	बरमूडाई,बरमूडा वासी,बरमूडा-वासी,बरमूडन	बरमूडा देश का मूल या स्थानांतरित निवासी जिसे वहाँ की संस्कृति, धर्म, भाषा आदि विरासत में मिली हुई हो|| सहयात्री बरमूडाई को कोचीन जाना था । 	பர்முடார்வாசி	பர்முடாசி||  சகயாத்ரி பர்முடாஸ் வீடு கொச்சின் போனான் 	Direct
10195	ADJECTIVE	2653860	ADJECTIVE	all-knowing, omniscient	infinitely wise	सर्वज्ञ,सर्ववेत्ता,वेदिष्ठ	सबकुछ जानने वाला||  ईश्वर सर्वज्ञ हैं । 	எல்லாமறிந்தவனான	அனத்தும் அறிந்தவன்||  கடவுள் எல்லாமறிந்தவனானதால் அவன் எல்லோர் மனதிலும் இடம் பெற்றிருக்கின்றான். 	Direct
2126	ADJECTIVE	2653860	ADJECTIVE	all-knowing, omniscient	infinitely wise	अंतर्यामी,अन्तर्यामी,अंतरज्ञ,अन्तरज्ञ,सर्वज्ञाता,अंतरजामी,अन्तरजामी	सबके मन में रहने और सबके मन की बात जानने वाला (ईश्वर, सिद्ध पुरुष आदि के लिए प्रयुक्त)|| ईश्वर अंतर्यामी हैं । 	அனைத்தும்_அறிந்தவர்	அனைவருடைய மனதிலும் வசிக்கக்கூடிய மேலும் அனைவருடைய மனதிலுள்ள விஷயத்தையும் அறிந்துகொள்ளக்கூடிய||  அனைத்தும் அறிந்தவர் கடவுள் 	Direct
10197	NOUN	6240872	NOUN	pronoun	a function word that is used in place of a noun or noun phrase	सर्वनाम,सर्वनाम शब्द	व्याकरण में वह शब्द जो संज्ञा की जगह प्रयुक्त होता है|| मैं,तुम,वह आदि सर्वनाम हैं । 	மாற்றுப்பெயர், பிரதிப்பெயர்	இலக்கணத்தில் பெயர்ச்சொல்லுக்கு பதிலாக பயன்படுத்தும் சொல்||  நான், நீ, அவன் முதலியவை மாற்றுப்பெயர்கள் 	Direct
10198	ADJECTIVE	1913245	ADJECTIVE	omnipresent, ubiquitous	being present everywhere at once	सर्वव्यापी,सर्वव्यापक,सर्वव्याप्त,अपरिच्छन्न,अभिव्यापक,विभु	जो सब में व्याप्त हो|| ईश्वर सर्वव्यापी है । 	எங்கும்_பரவிய	எல்லாவற்றிலும் இருக்கும்||  தானியங்கள் எங்கும் பரவிய நிலையில் காணப்பட்டது. 	Direct
10199	ADJECTIVE	1891751	ADJECTIVE	almighty, all-powerful, omnipotent	having unlimited power	सर्वशक्तिमान,सर्वशक्तिशाली	सब कुछ करने का सामर्थ्य रखने वाला|| ईश्वर सर्वशक्तिमान है । 	வலிமையுள்ள	ஒருவிளைவு, மாற்றம் போன்றவற்றை ஏற்படுத்தக்கூடிய சக்தி.||  கடவுள் வலிமையுள்ளவர் ஆவார் 	Direct
10201	NOUN	869310	NOUN	view, survey, sight	"the act of looking or seeing or observing; ""he tried to get a better view of it""; ""his survey of the battlefield was limited"""	सर्वेक्षण,सर्वे	पूरी जाँच पड़ताल के साथ निरीक्षण करके किसी निष्कर्ष पर पहुँचने की क्रिया|| सर्वेक्षण से पता चला है कि कुछ वर्षों बाद भारत की जनसंख्या चीन से अधिक हो जाएगी । 	நிலஅளவை	நிலங்களின் பரப்பையும் அளவுகளை அளக்கும் கருவி.||  சில ஆண்டுகளுக்கு இந்தியாவின் ஜனத்தொகை சீனாவை விட அதிகரித்து விடும் என்று நில அளவையில் தெரிய வந்த்து 	Direct
11612	NOUN	869310	NOUN	view, survey, sight	"the act of looking or seeing or observing; ""he tried to get a better view of it""; ""his survey of the battlefield was limited"""	दर्शन,दरशन,दीदार,दरसन,अवलोक,निध्यान,आलोक,दरश,दर्श,निशामन,ज़ियारत,जियारत	किसी व्यक्ति, वस्तु आदि का नेत्रों के द्वारा होने वाला बोध|| लोग भगवान के दर्शन के लिए मंदिर जाते हैं । 	காட்சி, தரிசம்	மனிதர்கள் முதலியவர்களின் கண்ணால் காணக்கூடியது||  நான் என் தந்தையைப் பார்த்து வெகு நாள் ஆகிவிட்டது. 	Direct
10202	NOUN	7700322	NOUN	salad	food mixtures either arranged on a plate or tossed and served with a moist dressing; usually consisting of or including greens	सलाद	कच्ची खाई जानेवाली हरी सब्जियाँ और कंद,आदि को मिलाकर बनाई हुई एक खाद्य वस्तु|| सलाद सेहत के लिए बहुत फ़ायदेमंद होता है । 	சலாத்	பச்சையாக சாப்பிடப்படும் பச்சை காய்கறிகள் மற்றும் கிழங்கு முதலியவற்றை சேர்த்து உருவாக்கப்படும் ஒரு உணவுப்பொருள்||  சலாத் ஆரோக்கியத்திற்கு நன்மை பயக்குகிறது 	Direct
10207	NOUN	10401755	NOUN	schoolmate, classmate, schoolfellow, class_fellow	an acquaintance that you go to school with	सहपाठी,सहाध्यायी,तीर्थ्य	वह जो साथ पढ़ा हो|| बहुत दिनों बाद अचानक अपने सहपाठी को देखकर मैं हैरान रह गई । 	கூடப்படிப்பவன்	பள்ளியிலோ கல்லூரியிலோ ஒரே வகுப்பில் உடன்படிப்பவன்||  வெகுநாடகளுக்குப்பிறகு திடீரென்று தன்னோடு கூடப்படித்தவன் தன்னை சந்தித்ததில் மகிழ்ச்சி அடைந்தான் 	Direct
10208	NOUN	1223427	NOUN	engagement, participation, involvement, involution	"the act of sharing in the activities of a group; ""the teacher tried to increase his students'  engagement in class activities"""	सहभागिता,संभागिता,हाथ	किसी काम में सहभागी होने या भाग लेने की क्रिया || इस व्यापार में बड़े भाई की सहभागिता है । 	பங்கு	முழுமையில் குறிப்பிட்ட அளவுள்ள பகுதி||  இந்த வியாபரத்தில் கண்ணனுக்கும் சம பங்கு உண்டு 	Direct
10209	NOUN	6439682	NOUN	partnership	a contract between two or more persons who agree to pool talent and money and share profits or losses	साझेदारी,भागीदारी,हिस्सेदारी,साझीदारी,साझा,भागिता,शरीकत,शराकत,शिरकत,इजमाल,पार्टनरशिप,इश्तिराक,इश्तराक,इशतिराक,इशतराक	दो या दो से अधिक लोगों के साझेदार होने की अवस्था या भाव|| नरेश और महेश ने साझेदारी में नया व्यापार शुरू किया । 	பங்குதாரர்	இரண்டு அல்லது இரண்டிற்கு மேற்பட்ட நபர்கள் பங்குதாரராக இருக்கும் நிலை||  நரேஷ் மற்றும் மகேஷ் பங்குதாரராகி புதிய வியபாரத்தை ஆரம்பிக்கின்றனர் 	Direct
10211	NOUN	5940360	NOUN	statistics	a branch of applied mathematics concerned with the collection and interpretation of quantitative data and the use of probability theory to estimate population parameters	सांख्यिकी	किसी विषय की संख्याएँ आदि एकत्र करके उनके आधार पर कुछ सिद्धांत स्थिर करने या निष्कर्ष निकालने की विद्या|| सतीश को अर्थशास्त्र का सांख्यिकी बहुत कठिन लगता है । 	புள்ளியியல், புள்ளிவிவரம்	ஒரு நிலவரத்தைப் பற்றிய தகவல்களைத் தரவும் விளக்கவும் எண்களைப் பயன்படுத்தும் அறிவியல் துறை||  சதீசுக்கு அர்த்தசாஸ்திரத்தின் புள்ளிவிவரம் மிகக் கடினமாக இருந்தது 	Direct
10215	ADJECTIVE	2879628	ADJECTIVE	sectarian	"of or relating to or characteristic of a sect or sects; ""sectarian differences"""	सांप्रदायिक,साम्प्रदायिक	संप्रदाय से संबंध रखने वाला या संप्रदाय का|| देश में आए दिन सांप्रदायिक दंगे होते रहते हैं । 	இனத்தொடர்பான	மொழி, மதம் பொன்ற ஏதேனும் ஒரு காரMஅ அடிப்படையில் அமையும் மக்கள் பிரிவு.||  தேசத்தில் வரும் நாட்களில் இனத்தொடர்பான சண்டை,ச்ச்சரவு இருந்துக் கொண்டேயிருக்கிறது 	Direct
10214	ADJECTIVE	2879628	ADJECTIVE	sectarian	"of or relating to or characteristic of a sect or sects; ""sectarian differences"""	सांप्रदायिक,साम्प्रदायिक,मतवाला	किसी विशेष संप्रदाय या पंथ से ही संबंध रखनेवाला तथा शेष संप्रदायों का विरोध करनेवाला या उनसे द्वेष रखनेवाला || सांप्रदायिक लोग देश में अशांति फैला रखे हैं । 	மதம்தொடர்பான	இறைத் தத்துவத்தையும் ஆன்மீகத்தையும் அடிப்படையாக் கொண்ட நெறிமுறையான தொடர்பு||  ஜெனர்கள் மதம்தொடர்பான எந்தவொரு உயிரையும் கொல்வது பாவம் என்று கருதுகின்றனர் 	Direct
10216	NOUN	10484811	NOUN	stableman, stableboy, groom, hostler, ostler	someone employed in a stable to take care of the horses	साईस,सईस,अश्वपाल,अश्वपालक,अश्वरक्षक	वह जो घोड़े की देख-रेख करता हो|| साईस घोड़े को घुड़साल में बाँध रहा है । 	குதிரைக்காரன்	குதிரைக்கு சொந்தக்காரன்.||  குதிரைக்காரன் குதிரையை சுத்தம் செய்து கொண்டியிருக்கிறாள் 	Direct
10217	NOUN	5568857	NOUN	literacy	the ability to read and write	साक्षरता	साक्षर या पढ़े-लिखे होने की अवस्था या भाव || लोगों को शिक्षित करने के लिए गाँव-गांॅव में साक्षरता अभियान चलाया जा रहा है । 	எழுத்தறிவு	கல்வியறிவு அல்லது படிப்பறிவு||  கிராம்மக்களை படிக்கவைப்பதற்காக கிராமம்-கிராமமாக எழுத்தறிவு படையெடுப்பு நடந்து வருகிறது 	Direct
10219	NOUN	14856918	NOUN	pearl_sago	sago ground into small round grains	साबूदाना,सागूदाना,शंकरजटा	सागू वृक्ष के तने के गूदे से तैयार किए हुए दाने जो शीघ्र पच जाते हैं|| उपवास के समय साबूदाने की खिचड़ी, खीर, वड़ा, पकौड़ा आदि खाया जाता है । 	சவ்வரிசி, ஜவ்வரிசி	மரவள்ளிக்கிழங்கு மாவிலிருந்து மிகச் சிறிய மணி வடிவில் தயாரிக்கப்படும் ஒரு வகை உணவுப் பொருள்.||  சவ்வரிச பாயாசம் அம்மா வைத்தாள் 	Direct
1022	NOUN	3362210	NOUN	front	the side that is seen or that goes first	अगला भाग,आगा,अग्रभाग,अग्र भाग,अगाड़ी,अगाड़ू,अगारी	किसी वस्तु आदि के आगे का भाग|| इस नाव के अगले भाग में कई छिद्र हो गए हैं । 	முன்பாகம், முன்பகுதி, முன்பக்கம்	ஏதேனும் ஒரு பொருளின் முன்பகுதி.||  இந்த படையில் முன்பாகத்தில் சித்திரங்கள் உள்ளன 	Direct
10221	NOUN	4641762	NOUN	plainness	the appearance of being plain and unpretentious	सादगी,सादापन	तामझाम और दिखावा न करते हुए सरल होने की अवस्था या भाव|| संत लोग सादगी से जीवन बिताना पसंद करते हैं । 	எளிமை	வீண் ஆடம்பரம் இல்லாதத் தன்மை||  துறவிகள் எளிமையான வாழ்க்கையைக் கழிக்க விரும்பினர் 	Direct
10223	NOUN	8152643	NOUN	table, tabular_array	"a set of data arranged in rows and columns; ""see table 1"""	सारिणी,सारणी,तालिका	अलग-अलग स्तंभों अथवा खानों के रूप में दिए हुए शब्दों, पदों, अंकों आदि का वह विन्यास जिससे उन शब्दों, पदों, अंकों आदि के पारस्परिक संबंध या कुछ विशिष्ट तथ्य सूचित होते हैं|| सारणी का उपयोग अध्ययन, गणना आदि के लिए किया जाता है । 	அட்டவணை	பல வரிசைகளையும் பத்திகளையும் கொண்ட அமைப்பு||  அட்டவணை ஒன்றை எழுதிக் கொள்ளுமாறு ஆசிரியர் கூறினார். 	Direct
19592	NOUN	4188260	NOUN	slide	plaything consisting of a sloping chute down which children can slide	फिसलपट्टी,फिसलनपट्टी,फिसल-पट्टी	बच्चों के खेलने का एक साधन जिस पर चढ़कर वे फिसलते हैं|| बच्चे खेल के मैदान में फिसलपट्टी पर फिसल रहे हैं । 	சறுக்குமரம்	இதன் மேல் ஏறி குழந்தைகள் சறுக்கி விளையாடும் ஒரு சாதனம்||  குழந்தைகள் விளையாட்டு மைதானத்தில் சறுக்குமரத்தில் சறுக்கிக் கொண்டிருந்தனர் 	Direct
10227	NOUN	9549216	NOUN	sahib	formerly a term of respect for important white Europeans in colonial India; used after the name	साहब,साहेब,साहिब,शाब	एक सम्मान सूचक शब्द|| चपरासी को कलेक्टर साहब ने अपने कक्ष में बुलाया । 	ஜயா	ஒரு மரியாதைக்குரிய சொல்||  ஜயதாரை கலெக்டர் ஜாலா தன்னுடைய அறைக்கு கூப்பிட்டார் 	Direct
10229	NOUN	6675879	NOUN	retrospection	"reference to things past; ""the story begins with no introductory retrospections"""	सिंहावलोकन,पुनरावलोकन	संक्षेप में पिछली बातों का दिग्दर्शन या वर्णन|| साहित्यिक गोष्ठी का सिंहावलोकन किया गया । 	கடந்ததைக்_காணல்	முன்பு நடந்த நிகழ்வு ஒன்றைச் சுருக்கமாக கூறல்||  இலக்கியலாளர் சபையில் கடந்ததைக் காணச் செய்தார் 	Direct
1023	NOUN	8509197	NOUN	rear, backside, back_end	"the side of an object that is opposite its front; ""his room was toward the rear of the hotel"""	पिछला भाग,पीछा,पिछाड़ी,पश्चभाग,पश्च भाग,पृष्ठ भाग,पीछू	किसी वस्तु आदि के पीछे का भाग|| आतंकवादी घर के पिछले भाग में छिपा हुआ था । 	பின்பகுதி, பின்பாகம், பின்பக்கம்	பின்பக்கம்||  தீவிரவாதி வீட்டிற்கு பின்பகுதியில் மறைந்திருக்கிறார்கள் 	Direct
10230	VERB	149995	VERB	shrink, shrivel	"decrease in size, range, or extent; ""His earnings shrank""; ""My courage shrivelled when I saw the task before me"""	सिकुड़ना,सिमटना,संकुचित होना,बिलखना	विस्तार छोड़कर एक जगह एकत्र होना|| सूती कपड़े अक्सर पहली बार धोने से सिकुड़ते हैं । 	சுருங்கு	அளவில் சிறிதாதல்||  பருத்தி ஆடை பெரும்பாலும் முதல் முறையிலேயே சுருங்குகின்றது 	Direct
11857	VERB	149995	VERB	shrink, shrivel	"decrease in size, range, or extent; ""His earnings shrank""; ""My courage shrivelled when I saw the task before me"""	चढ़ना	ऊपर की ओर सिमटना|| एक धुलाई के बाद ही यह स्वेटर चढ़ गया । 	சுருங்கு	சுருங்கு||  ஒரே சலவையில் இந்த சட்டை சுருங்கியது 	Direct
10235	NOUN	7595403	NOUN	vermicelli	pasta in strings thinner than spaghetti	सेवई,सेवँई,सेवईं,सिवईं,सेवैयाँ,सिवइयाँ,सेवैया	गुँधे हुए मैदे से बनाए हुए पतले लच्छे जो दूध या पानी में पकाकर खाए जाते हैं|| हर मुसलमान के घर ईद के दिन सेवई ज़रूर बनती है । 	சேவை, தொண்டு, ஊழியம், உபசாரம், ஸேவை, சேவகம்	பால் அல்லது ............................||  ஒவ்வொரு முஸ்லீம்களின் வீட்டில் ஈத் அன்று சேவை அவசியம் செய்யப்படுகிறது 	Direct
10236	NOUN	7397929	NOUN	brotherhood	the feeling that men should treat one another like brothers	भाईचारा,भाई-चारा,भ्रातृत्व,भाईचारगी,भाईबन्धुत्व,भाईबंधुत्व,बन्धुत्व,बंधुत्व,बंधुता,भ्राता भाव,भाईपन,भैयाचार,भैयाचारी,बंधुभाव,बन्धुभाव,आपसदारी,बिरादरी	भाई के समान परम प्रिय होने की अवस्था या भाव|| यहाँ के सभी धर्मों के लोगों में आपसी भाईचारा है । 	சகோதரத்துவம்	ஏற்றத்தாழ்வு வேறுபாடு போன்றவற்றைப் பார்க்காமல் சகோதரர்களாகப் பாவித்துச் செயல்படும் பாங்கு||  பரதன் சகோதரத்துவத்தைக் கடைபிடிப்பதற்காக அயோத்தியாவின் அரியாசனத்தில் ராமனுடைய காலணிகளை வைத்தான் 	Direct
10237	NOUN	11969058	NOUN	reed	tall woody perennial grasses with hollow slender stems especially of the genera Arundo and Phragmites	सरकंडा,सींक,शरकांड,शरकाण्ड,शर,वलीक,रामशर,इक्षुप्र,पतलो,तिलिया,इक्षुकांड,इक्षुकाण्ड,कांड,काण्ड	सरपत की जाति का एक पौधा|| खेत की मचान सरकंडे से छाई गई है । 	நாணல், காசம், காசை, குச்சம், குற்பகம், சரவணம், நாணற்குழாய்	........................வகையின் ஒரு செடி||  வயலின் மயானத்தில் நாணல் பரவியிருக்கிறது 	Direct
10240	NOUN	14342749	NOUN	moisture, wet	"wetness caused by water; ""drops of wet gleamed on the window"""	सीड़,सील,नमी	भूमि, छत, दीवार आदि की आर्द्रता|| बरसात के दिनों में दीवारों पर सीड़ आ जाती है । 	ஈரம், பிச்சிலம், நீராணிக்கம், நனைவு, நசைவு, நசை, திமிதம், சீதளம், ஓதம்	பூமி, மரபு சுவற்றிலான நமப்பு||  மழைக்கால நாட்களில் சுவர்களில் ஈரம் படிகிறது 	Direct
10241	NOUN	4202576	NOUN	snuff	finely powdered tobacco for sniffing up the nose	सुँघनी,नस्य,हुलास,नस्त,सुंघनी,नसवार,नास,मगरोसन	सूँघने के लिए बनाई हुई तंबाकू के पत्तों की बुकनी|| दादाजी सुँघनी सूँघ रहे हैं । 	மூக்குப்பொடி, நசியம், நாசிகாசூரணம், மூக்குத்தூள்	முகர்வதற்காக உருவாக்கப்பட்ட புகையிலையின் பொடி||  தாத்தா மூக்குப்பொடியை முகர்ந்துக் கொண்டிருக்கிறார் 	Direct
10244	ADJECTIVE	20603	ADJECTIVE	accessible	"capable of being reached; ""a town accessible by rail"""	सुगम्य,सुगम	सरलता से जाने या पहुँचने योग्य|| हिमालय की ऊँची -ऊँची चोटियाँ सुगम्य नहीं हैं । 	எளிதில்_அடையக்கூடிய	எளிதில் அடையக்கூடிய||  இமயமலையின் எளிதில் அடையக் கூடிய உயரம் அல்ல  	Direct
10246	ADJECTIVE	239132	ADJECTIVE	bonny, bonnie, comely, fair, sightly	"very pleasing to the eye; ""my bonny lass""; ""there' s a bonny bay beyond""; ""a comely face""; ""young fair maidens"""	सुदर्शन,सुदर्श	जिसे सरलता या आसानी से देखा जा सके|| पंडालों की सुदर्शन प्रतिमाएँ बहुत ही भव्य थीं । 	அழகிய, அழகான	அழகிய,அழகான||  பாலகிருஷ்ணனின் அழகிய முகம் கோபியர்களைக் கவர்ந்தது. 	Direct
10249	NOUN	10357450	NOUN	reformer, reformist, crusader, social_reformer, meliorist	a disputant who advocates reform	सुधारक,सुधारकर्ता	वह जो धार्मिक अथवा सामाजिक सुधार के लिए प्रयत्न करता हो|| स्वामी दयानंद सरस्वती एक प्रसिद्ध समाज सुधारक थे । 	சீர்த்திருத்தவாதி	சமுதாயம் முதலியவற்றில் நடைமுறையில் நிலவும் சீர்கேடுகளை அல்லது ஒழுங்கற்ற முறையை மாற்றுவதற்கான நடவடிக்கை எடுப்பவர்.||  சுவாமி தயானந்த சரஸ்வதி ஒரு புகழ்பெற்ற சமூக சீர்த்திருத்தவதி ஆவார் 	Direct
10250	NOUN	10357450	NOUN	reformer, reformist, crusader, social_reformer, meliorist	a disputant who advocates reform	संशोधक,सुधारक	वह जो दोषों या त्रुटियों में सुधार करता हो|| संशोधक द्वारा इस प्रश्नपत्र में संशोधन कराया गया है । 	சீர்திருத்துபவன்	ஒன்றினல்லது ஒருவரின் குறைகளை அல்லது பிரச்சினைகளை நீக்கிச் சரியானநிலையை அடையச் செய்பவன்.||  சீர்த்திருத்துபவன் மூலமாக இந்த கேள்விதாலில் சீர்திருத்தம் செய்யப்படுகிறது 	Direct
19424	NOUN	10357450	NOUN	reformer, reformist, crusader, social_reformer, meliorist	a disputant who advocates reform	धर्मसुधारक	धर्म में सुधार करनेवाला या धर्म की विसंगतियों को दूर करनेवाला व्यक्ति|| कबीर एक बहुत बड़े धर्मसुधारक थे । 	மதச்சீர்த்திருத்தவாதி	மதத்தில் சீர்திருத்தம் செய்யக்கூடிய அல்லது மதத்தில் வேண்டாதவைகளை விலக்கக்கூடிய நபர்||  கபீர் ஒரு மிகச்சிறந்த மதச்சீர்திருத்தவாதி ஆகும் 	Direct
19425	NOUN	10357450	NOUN	reformer, reformist, crusader, social_reformer, meliorist	a disputant who advocates reform	समाजसुधारक	सामाजिक बुराइयों को दूर करनेवाला या समाज में सुधार करनेवाला व्यक्ति|| संत राजा राममोहन राय एक बहुत बड़े समाजसुधारक थे । 	சமூகசீர்திருத்தவாதி	சமூகத்தில் நிலவும் சீர்கேடுகளை அல்லது ஒழுங்கற்ற முறைகளை எதிர்த்துப் போராடுபவன்.||  ராம்மோகன் ராய் ஒரு மிகப்பெரிய சமூக சீர்திருத்தவாதியாக இருந்தார் 	Direct
10251	ADJECTIVE	393049	ADJECTIVE	aureate, gilded, gilt, gold, golden	"having the deep slightly brownish color of gold; ""long aureate (or golden) hair""; ""a gold carpet"""	सुनहरा,सुनहला,स्वर्णिम,सुवर्णीय,सुवर्ण,हैम,हिरण्मय,स्वर्णिल,चामीकर,हेममय	सोने के रंग का|| ठंडी के दिनों में सुनहरी धूप बहुत अच्छी लगती है । 	தங்கநிறமான	தங்கத்தின் நிறமுடைய||  சீதா தங்கநிறமான ஆடை அணிந்திருந்தாள். 	Direct
10252	NOUN	9985760	NOUN	goldsmith, goldworker, gold-worker	an artisan who makes jewelry and other objects out of gold	सुनार,सोनार,स्वर्णकार,सुवर्णकार,ज़रगर,सोनी,माषवर्द्धक,हेमकर्ता,हेमकार,हेमल,हैरण्यक	सोने-चाँदी के गहने बनाने वाला व्यक्ति|| माँ ने सुनार से पचास हज़ार के गहने बनवाए । 	பொற்கொல்லர்	தங்கத்தினால் நகைமுதலியனை செய்வதைத் தொழிலாகக் கொண்டவர்.||  பொற்கொல்லர்ரிடம் ஆயிரரூபாய் கொடுத்தார் 	Direct
10253	ADJECTIVE	2206421	ADJECTIVE	accomplished, effected, established	"settled securely and unconditionally; ""that smoking causes health problems is an accomplished fact"""	सुप्रतिष्ठ,सुप्रतिष्ठित	जिसकी बहुत प्रतिष्ठा हो|| सेठ राम मनोहर इस क्षेत्र के एक सुप्रतिष्ठ व्यक्ति हैं । 	திறமையுள்ள, திறமையான	ஒரு செயலைச் சிறப்பாகவும் எளிதாகவும் செய்து முடிக்கும் செய்ல்பாடுள்ளவை||  மார்வாடி ராம்மனோகர் இந்த இடத்தின் ஒரு திறமையான நபர் 	Direct
10256	NOUN	4756877	NOUN	elegance	"a refined quality of gracefulness and good taste; ""she conveys an aura of elegance and gentility"""	सुरुचि,उत्तम रुचि	अच्छी, शिष्ट या परिष्कृत रुचि|| घर की सजावट गृहिणी की सुरुचि को दर्शाती है । 	நயநாகரிகம், நேர்த்தி, அழகு	சிங்காரமும் கலைநய உணர்வும் கொண்டிருப்பது||  உயர்குடியில் பிறந்த அவனுடைய நயநாகரிகம் சிறப்புடையதாய் இருந்தது. 	Direct
10259	ADJECTIVE	2017642	ADJECTIVE	civilized, civilised, cultivated, cultured, genteel, polite	"marked by refinement in taste and manners; ""cultivated speech""; ""cultured Bostonians""; ""cultured tastes""; ""a genteel old lady""; ""polite society"""	सुसंस्कृत	उत्तम संस्कार युक्त|| सुसंस्कृत व्यक्ति का वर्ताव सबको अच्छा लगता है । 	பண்பாடான	சிறந்த பண்பாடுள்ள||  ந்ல்ல பண்பாடான நபரின் நடத்தை  அனைவருக்கும் பிடிக்கும் 	Direct
1026	ADVERB	212202	ADVERB	habitually	"according to habit or custom; ""her habitually severe expression""; ""he habitually keeps his office door closed"""	स्वभावतः,आदतन,आदत के अनुसार,स्वभाव के अनुसार	स्वभाव से ही या प्राकृतिक रूप से|| वह स्वभावतः चिड़चिड़ा है । 	சுபாவமாக	ஒருவருடைய அல்லது ஒன்றினுடைய நடத்தையின் அல்லது பண்ணின் பொதுவான இயல்பு.||  அவன் சிடுசிடுக்கும் சுபாவமாக இருப்பதால் அனைவரும் வெறுக்கின்றனர் 	Direct
10261	ADJECTIVE	808910	ADJECTIVE	discerning	"having or revealing keen insight and good judgment; ""a discerning critic""; ""a discerning reader"""	सूक्ष्मदर्शी	बहुत ही सूक्ष्म या छोटी-छोटी बातों तक सोच या समझ रखने वाला|| सूक्ष्मदर्शी व्यक्ति बात की गहराई में जाकर उसके कारणों को समझ लेता है । 	நுண்மான்நுழைபுலமுடைய	நுண்ணிய சிறு விஷயங்களை யோசித்து அல்லது புரிந்து வைத்திருக்கும் தன்மை.||  நுண்மான்நுழைபுலமுடைய நபர் விஷயத்தின் ஆழம் வரை சென்று அதன் காரணங்களை அறிந்து கொள்கின்றனர் 	Direct
10262	NOUN	6700319	NOUN	signal, signaling, sign	"any communication that encodes a message; ""signals from the boat suddenly stopped"""	सूचक,बोधक,ज्ञापक,परिचायक,अभिसूचक	किसी बात के अस्तित्व का लक्षण आदि बतानेवाला तत्व, कार्य आदि || काले-काले मेघों से घिरा आकाश बारिश का सूचक है । 	அறிவிப்பு	ஒரு செய்தியை அனைவரும் அறியும்படி தெரிவிக்கும் செயல்.||  கருமையான மேகங்களை சூழ்ந்துள்ள ஆகாயம் மழை வருவதை அறிவிப்பு கொடுக்கின்றது 	Direct
8114	NOUN	6700319	NOUN	signal, signaling, sign	"any communication that encodes a message; ""signals from the boat suddenly stopped"""	सिगनल,संकेत,सिग्नल,सङ्केत	कोई कार्य प्रारंभ करें, ना करें या हो रहा है या नहीं या किस अवस्था में पहुँचा है, इसका सूचक|| गाड़ी चलाते समय सिगनल का ध्यान रखना चाहिए । 	சைகை, ஜாடை	முகபாவனைகளில் மூலமாகவோ கைகளைக் குறிப்பிட்ட விதத்தில் அசைப்பதன் மூலமாகவோ ஒரு செய்தியைத் தெரிவிக்க்கும் அல்லது ஒன்றைக் குறிப்பால் உணர்த்தும் முறை.||  வண்டி ஓட்டும் நேரத்தில் சிக்னலை கவனத்தில் வைக்க வேண்டும் 	Direct
10263	NOUN	11810708	NOUN	sunflower, helianthus	any plant of the genus Helianthus having large flower heads with dark disk florets and showy yellow rays	सूरजमुखी,सूर्यमुखी,श्रीहस्तिनी,अर्कपुष्पी,जलेरुहा	एक पौधा जिसके पीले रंग के फूल दिन के समय सीधे खड़े रहते और रात के समय नीचे झुक जाते हैं|| किसान सूरजमुखी की सिंचाई कर रहा है । 	சூரியகாந்திப்பூ	இதன் மஞ்சள் நிற பூக்கள் தினமும் நேராக மாலை நேரத்தில் கீழே தாழ்ந்திருக்கும் ஒரு செடி||  விவசாயி சூரியகாந்திப் பூச்செடிக்கு நீர் இறைத்துக் கொண்டிருக்கிறான் 	Direct
10267	NOUN	14478259	NOUN	halite, rock_salt	naturally occurring crystalline sodium chloride	सेंधा नमक,सेंधा,सैंधव,सैन्धव,सिंधव,सिन्धव,लाहौरी नमक,सिंधुज,सिन्धुज,सिंधुजन्मा,सिन्धुजन्मा,सिंधुमंथज,सिन्धुमन्थज,सिंधुलवण,सिन्धुलवण,मणिमंथ,मणिमन्थ,शैलेय,धौतय,शुभ्र	एक प्रकार का खनिज नमक|| सेंधे नमक का उपयोग पाचक-चूर्ण बनाने में भी किया जाता है । 	கல் உப்பு	கடல் நீரைக் காய்ச்சியோ நிலத்திலிருந்து வெட்டியோ எடுக்கப்படும் கைப்புச் சுவையுடையதும் உணவிற்குப் பயன்படுத்துவதுமான வெள்ளை நிறப் படிகப் பொருள்.||  சமையலுக்கு என்னுடைய அம்மா கல் உப்பு பயன்படுத்தினார் 	Direct
1862	NOUN	14478259	NOUN	halite, rock_salt	naturally occurring crystalline sodium chloride	काला नमक,सोंचर नमक,पाक्य,कचलोन,मेचक,पादा नमक,पादा नोन	काले रंग का एक प्रकार का पाचक लवण|| काले नमक का प्रयोग पाचक के रूप में किया जाता है । 	கருப்பு_உப்பு	ஒருவிதமான ஜீரண உப்பு||  கருப்பு உப்பு செரிமானத்திற்கு பயன்படுகிறது 	Direct
10268	ADJECTIVE	2972554	ADJECTIVE	marine	"of or relating to the sea; ""marine explorations"""	समुद्री,समुद्रीय,दरियाई,सागरी,सागरीय,सामुद्रिक,सैंधव,सैन्धव,सिंधव,सिन्धव	समुद्र-संबंधी या समुद्र का|| ह्वेल एक समुद्री जीव है । 	கடல்சார்ந்த	கடல் தொடர்பான||  வேல் ஒரு கடல் சார்ந்த உயிரினம் 	Direct
10270	NOUN	13569316	NOUN	hundred, 100, C, century, one_C, centred	ten 10s	सैंकड़ा,सैकड़ा	सौ का समूह|| अचार बनाने के लिए रामदीन ने एक सैंकड़ा आम खरीदे । 	நூறு	பத்தின் பத்து மடங்கைக் குறிக்கும் எண்||  நான் கணிதத்தில் நூறு மதிப்பெண்கள் பெற்றேன். 	Direct
14356	NOUN	13569316	NOUN	hundred, 100, C, century, one_C, centred	ten 10s	शतक	एक ही तरह की सौ वस्तुओं का संग्रह|| सुशांत के पुस्तकालय में कम से कम दो शतक पुस्तकें हैं । 	நூறு	எண்ணிக்கையில் நூறு||  என் நூலகத்தில் நூறு புத்தகம் இருக்கிறது. 	Direct
15828	NOUN	13569316	NOUN	hundred, 100, C, century, one_C, centred	ten 10s	सौ,शत,100,१००,सय	नब्बे और दस के योग से प्राप्त संख्या|| दस दहाई सौ होता है । 	நூறு	பத்தின் பத்து மடங்கைக் குறிக்கும் எண்||  எனது பெண் அனைத்து பாடங்களிலும் நூற்றுக்கு நூறு மதிப்பெண் வாங்குகிறாள் 	Direct
10271	ADJECTIVE	2664928	ADJECTIVE	ideological, ideologic	"concerned with or suggestive of ideas; ""an ideological argument""; ""ideological application of a theory""; ""the drama' s symbolism was very ideological"""	सैद्धांतिक,सिद्धांतीय,सैद्धान्तिक	सिद्धांत संबंधी|| सैद्धांतिक मतभेद होते हुए भी अशोक और रमेश में गहरी मित्रता है । 	கொள்கைஉணர்ந்தவனான	தனி மனிதன், மதம் முதலியவை கடைபிடிக்க வேண்டும் என வைத்திருக்கும் நெறிமுறையை கடைபிடிப்பவனான.||  கொள்கைஉணர்ந்தவனான மதபேதம் இருப்பினும் அசோக்கும் மற்றும் ரமேஷிட்த்தில் ஆழமான தோழமை உள்ளது 	Direct
11115	ADJECTIVE	2664928	ADJECTIVE	ideological, ideologic	"concerned with or suggestive of ideas; ""an ideological argument""; ""ideological application of a theory""; ""the drama' s symbolism was very ideological"""	वैचारिक,विचार विषयक	विचार से संबंध रखने वाला|| वैचारिक परिवर्तन के द्वारा ही भेदभाव दूर किया जा सकता है । 	கருத்தான, கொள்கையான	ஒரு பொருள் பற்றிய முறைப்படுத்தப்பட்ட சிந்தனை தெரிவிக்கப்படும் பொருள்.||  கருத்து மாற்றத்தின் மூலமாக தான் வித்தியாசத்தைப் போக்க முடியும் 	Direct
10274	ADJECTIVE	2280265	ADJECTIVE	sixteenth, 16th	coming next after the fifteenth in position	सोलहवाँ,१६वाँ,16वाँ	गणना में सोलह के स्थान पर आने वाला|| माधुरी का आज सोलहवाँ जन्मदिन है । 	பதினாறாவது	பதினாறாவது எண்ணிக்கையின் இடத்தில் வருவது||  என்னுடைய தம்பிக்கு இது பதினாறாவது பிறந்தநாள் 	Direct
10277	ADJECTIVE	84521	ADJECTIVE	aghast(p), appalled, dismayed, shocked	struck with fear, dread, or consternation	स्तंभित,निस्तब्ध,सुन्न	जो जड़ या निश्चेष्ट हो गया हो|| जवान बेटे की मौत की ख़बर सुनकर माँ स्तंभित हो गई । 	உணர்வற்ற	உணர்வில்லாத||  போர்வீரன் மகனின் இறந்த செய்தியை கேட்டு உணர்வற்ற தன்மையடைந்தான் 	Direct
10278	ADJECTIVE	1920988	ADJECTIVE	second-string, substitute(a)	being a replacement or substitute for a regular member of a team	स्थानापन्न,कार्यकारी,कार्यवाहक,एवजी,एवज़ी	किसी कर्मचारी के कुछ दिनों के लिए कहीं चले जाने पर उसकी जगह काम करने वाला|| श्याम अभी स्थानापन्न कर्मचारी के रूप में कार्यरत है । 	தற்காலிகமான	நிரந்தரமாக இல்லாமல் குறைந்த காலம் வரைக்குமான||  சியாம் இப்பொழுது தற்காலிகமான பணியிலிருந்து  நீக்கப்பட்டான் 	Direct
28074	ADJECTIVE	1920988	ADJECTIVE	second-string, substitute(a)	being a replacement or substitute for a regular member of a team	स्थानापन्न	किसी के न रहने पर उसकी जगह पर आनेवाला या किसी की जगह लेनेवाला|| स्थानापन्न खिलाड़ी को भी चोट लग गई है । 	பதிலுக்கு	ஒருவர் இல்லாததால் அவருடைய இடத்தில் இருக்கக்கூடிய||  பதிலுக்கு விளையாடுகிற நபருக்கு காயம் ஏற்பட்டது 	Direct
10279	NOUN	13818438	NOUN	shaking, shakiness, trembling, quiver, quivering, vibration, palpitation	"a shaky motion; ""the shaking of his fingers as he lit his pipe"""	स्पंदन,स्पन्दन,कंपन,कम्पन,स्पंद,स्पन्द,कंप,विस्पंदन,विस्पन्दन,प्रकंपन,प्रकम्पन,कम्प,आस्पंदन,आस्पन्दन,इंग,इङ्ग,इंगन,इङ्गन	रह-रहकर धीरे-धीरे हिलने या काँपने की क्रिया|| वैद्य नाड़ी स्पंदन देखकर ही रोग का पता लगा लेते हैं । 	நடுக்கம்	உடலில் அல்லது உடலின் ஒரு பகுதியில் ஏற்படும் கட்டுப்பாடற்ற அசைவு.||  நடுக்கம் ஏற்பட்டதால் வைத்தியரை பார்க்க சென்றனர் 	Direct
9088	NOUN	13818438	NOUN	shaking, shakiness, trembling, quiver, quivering, vibration, palpitation	"a shaky motion; ""the shaking of his fingers as he lit his pipe"""	दहल	डर या भय से एकबारगी काँप उठने की क्रिया|| उसे दहल से बचाने के सारे उपाय असफल रहे । 	நடுநடுங்குதல், அஞ்சியிருத்தல்	பயத்தினால் திடீரென நடுங்கும் செயல்||  விபத்தின் காட்சியை பார்த்தவுடனே அவர் அஞ்சி நடுங்கினான் 	Direct
7942	NOUN	3421120	NOUN	greenhouse, nursery, glasshouse	a building with glass walls and roof; for the cultivation and exhibition of plants under controlled conditions	पुष्पगृह	शीशे का घर जिसमें पौधे शीत से बचाकर रखे जाते हैं|| कृषि वैज्ञानिक पुष्पगृह में रखे पौधे का अध्ययन कर रहा है । 	பூந்தோட்டம், நந்தவனம், பூதோட்டம்	பூச்செடிகள் வளர்க்கும் தோட்டம்.||  விவசாய விஞ்ஞானம் பூந்தோட்டத்தில் வைக்கப்பட்ட செடிகளை ஆராய்ச்சி செய்கிறது 	Direct
8842	NOUN	3421120	NOUN	greenhouse, nursery, glasshouse	a building with glass walls and roof; for the cultivation and exhibition of plants under controlled conditions	पौधशाला,नर्सरी,पौधागाह,पौधेला,संवर्द्धन-गृह,संवर्धन-गृह,संवर्द्धन गृह,संवर्धन गृह	वह स्थान जहाँ पौध और बीज बिकते हैं या तैयार किए जाते हैं|| उसने पौधशाला से आम और अंगूर के पौधे खरीदे । 	நர்சரி	செடி மற்றும் விதை விற்கப்படும் அல்லது தயார் செய்யப்படும் இடம்.||  அவன் நர்சரியிலிருந்து மாம்பழம் மற்றும் திராட்சைச் செடிகள் வாங்கினான் 	Direct
10282	NOUN	5585266	NOUN	touch, sense_of_touch, skin_senses, touch_modality, cutaneous_senses	"the faculty by which external objects or forces are perceived through contact with the body (especially the hands); ""only sight and touch enable us to locate objects in the space around us"""	स्पर्शेंद्रिय	वह इंद्रिय जिससे स्पर्श का ज्ञान होता है|| त्वचा स्पर्शेंद्रिय है । 	தொடுகைஉணர்வு, தொடுஉணர்வு	உடல் உறுப்புகளை தொடுவதால் ஏற்படும் உணர்வு.||  தோல் தொடுகை உணர்வு கொண்டது 	Direct
10286	NOUN	13325078	NOUN	inflation, rising_prices	"a general and progressive increase in prices; ""in inflation everything gets more valuable except money"""	मुद्रास्फीति,मुद्रा-स्फीति,मुद्रा स्फीति	किसी देश में काग़ज़ी मुद्रा या नोटों आदि का अपेक्षाकृत बहुत अधिक प्रचलन होने अथवा कृत्रिम रूप से मुद्रा के बहुत बढ़ जाने की स्थिति जिससे मुद्रा का मूल्य बहुत घट जाता है और वस्तुओं के मूल्य बहुत बढ़ जाते हैं|| अमेरिका में हुए बम विस्फोट से मुद्रास्फीति में काफ़ी उतार-चढ़ाव आया । 	பணவீக்கம்	ஏதாவது ஒரு குறிப்பிட்ட தேசத்தில் அதிகமாக நடைமுறையில் இருக்கும் காகித முத்திரை அல்லது நோட்டின் மதிப்பு செயற்கையான முறையில் குறைந்தும் வேறு சில பொருட்களின் மதிப்பு அதிகரிக்கும் ஒரு நிலை||  அமெரிக்காவில் நடந்த வெடிகுண்டு விபத்தில் பணவீக்கத்தில் ஏற்ற இறக்கம் போதுமானதாக இருக்கிறது 	Direct
21343	NOUN	13325078	NOUN	inflation, rising_prices	"a general and progressive increase in prices; ""in inflation everything gets more valuable except money"""	महँगाई,महँगी,महँगापन,महंगाई,महंगी,महंगापन,तेजी,तेज़ी,ठोहर,इंफ्लेशन,इन्फ्लेशन,इंफ्लैशन,इन्फ्लैशन	महँगा होने की अवस्था या भाव|| दिन प्रतिदिन महँगाई बढ़ती जा रही है । 	விலைவாசி_அதிகரிப்பு	விலை அதிகமாக இருக்கும் நிலை||  நாளுக்கு நாள் விலைவாசி அதிகரித்துக் கொண்டே இருக்கிறது 	Direct
10287	ADJECTIVE	1081363	ADJECTIVE	memorable	worth remembering	स्मरणीय,यादगार,अविस्मरणीय,स्मरणार्थ	याद रखने योग्य|| हर किसी के जीवन में कुछ न कुछ स्मरणीय घटनाएँ ज़रुर घटती हैं । 	நினைவில்வைத்துக்கொள்ளத்தகுந்த	மனதில் எப்போதும் ஞாபகத்தில் வைத்துக் கொள்ளத்தகுந்த||  ஒவொருவரின் வாழ்க்கை ஏதாவது ஒன்று நினைவில்வைத்துக்கொள்ளத்தகுந்த ஒன்றாக கருதப்படும் 	Direct
10289	ADJECTIVE	1102161	ADJECTIVE	free	"able to act at will; not hampered; not under compulsion or restraint; ""free enterprise""; ""a free port""; ""a free country""; ""I have an hour free""; ""free will""; ""free of racism""; ""feel free to stay as long as you wish""; ""a free choice"""	स्वच्छंद,स्वच्छन्द,स्वतंत्र,स्वतन्त्र,स्वेच्छाचारी,इच्छाचारी,अबाधित,निर्द्वंद्व,निर्द्वन्द्व,ईहग	अपनी इच्छा के अनुसार सब काम कर सकने वाला|| कुछ लोग स्वच्छंद जीवन जीना चाहते हैं । 	தன்னிச்சையான, சுயேட்சையான, தன்போக்கிலான	தன் விருப்பப்படி காரியங்களை செய்பவன்||  ராமன் எப்பொழுதும் தன்னிச்சையான நிலையிலேயே செயல்படுவான். 	Direct
1029	NOUN	9149673	NOUN	foam, froth	"a mass of small bubbles formed in or on a liquid; ""the beer had a thick head of foam"""	झाग,फेन,गाज,स्थानक,कफ़,कफ	किसी तरल पदार्थ के छोटे बुलबुलों का कुछ गठा या सटा हुआ समूह|| नहाते समय बच्चे झाग हाथ में लेकर एक दूसरे के ऊपर फेंक रहे थे । 	நுரை	திரவங்களில் அடர்த்தியான வெள்ளை நிறக் குமிழிகளின் தொகுப்பு.||  இந்த சோப்பு நல்ல வாசைனையுடன் நுரை தருகின்றன 	Direct
10293	NOUN	5137266	NOUN	free_will, discretion	the power of making free choices unconstrained by external agencies	स्वेच्छा	अपनी इच्छा|| मालती स्वेच्छा से यहाँ रहती है । 	விருப்பம்	ஒருவர் தனக்கு பிடித்த ஒன்றை அல்லது தனக்கு உகந்ததாக கருதும் ஒன்றைச் செய்யவோ அடையவோ வேண்டும் என்ற  உணர்வு.||  மாலதி தன் விருப்பம் போல் இங்கு தங்கிக் கொண்டிக்கிறாள் 	Direct
10295	VERB	1912958	VERB	drive	"operate or control a vehicle; ""drive a car or bus""; ""Can you drive this four-wheel truck?"""	हाँकना	गाड़ी,रथ आदि चलाना|| खाद लदते ही गाड़ीवान ने बैलों को हाँका । 	ஓட்டு	வாகனத்தை இயக்குவது||  அவன் பேருந்தை ஓட்டினான். 	Direct
28080	VERB	1912958	VERB	drive	"operate or control a vehicle; ""drive a car or bus""; ""Can you drive this four-wheel truck?"""	चलाना	वाहन चलाना या नियंत्रित करना|| वह कार चला रहा है । 	ஓட்டு	வாகனத்தை இயக்குவது||  அவன் பேருந்தை ஓட்டினான். 	Direct
103	NOUN	5641748	NOUN	sensation, esthesis, aesthesis, sense_experience, sense_impression, sense_datum	"an unelaborated elementary awareness of stimulation; ""a sensation of touch"""	अनुभूति,अहसास,एहसास,संवेदना,संज्ञा,अनुभव	ऐसा मानसिक व्यापार जिसकी बाहरी प्रतिक्रिया तो नहीं होती फिर भी जिससे सुख-दुख का अनुभव होता है|| बेसुध शरीर अनुभूति से शून्य होता है । 	உணர்ச்சி, உணர்வு, சுரணை, சுணை, நுகர்வு, நுகர்ச்சி, பிரக்ஞை, சுவாதீனம், ஸ்மரணை,	உடலில் அல்லது மனதில் ஏற்படும் நிலையை அறிவதும் தொடுவதை அறியும் சக்தி.||  சுயநினைவு இல்லாத உடம்பில் உணர்ச்சி இருக்காது 	Direct
285	NOUN	5641748	NOUN	sensation, esthesis, aesthesis, sense_experience, sense_impression, sense_datum	"an unelaborated elementary awareness of stimulation; ""a sensation of touch"""	तीव्रानुभूति,तीव्र अनुभूति	तीव्रता के साथ होने वाली अनुभूति|| संतों को ईश्वर प्रेम की तीव्रानुभूति होती है।  /  दर्द की तीव्र अनुभूति होते ही वह चिल्लाने लगा । 	தீவிர_அனுபவம், தீவிரமான_அனுபவம்	வேகத்துடன் ஏற்படக்கூடிய அனுபவம்||  துறவிக்கு கடவுள்பற்றின் தீவிர அனுபவம் கிடைத்தது 	Hypernymy
10300	VERB	971817	VERB	bumble, stutter, stammer, falter	"speak haltingly; ""The speaker faltered when he saw his opponent enter the room"""	हकलाना,हँकलाना,अँठलाना,अंठलाना	शब्दों का ठीक ढंग से उच्चारण न कर सकने के कारण बीच-बीच में कोई शब्द बहुत रुक-रुककर बोलना|| मितेश थोड़ा हकलाता है । 	திக்கிப்பேசு, தெற்றிப்பேசு, தெற்றி_உச்சரி	சரியாக உச்சரிக்க முடியாத காரணத்தால் இடையிடையே வார்த்தைகளை நிறுத்திநிறுத்திப் பேசுவது||  மிதேஷ் கொஞ்சம் திக்கிப் பேசுகிறான் 	Direct
6601	VERB	971817	VERB	bumble, stutter, stammer, falter	"speak haltingly; ""The speaker faltered when he saw his opponent enter the room"""	तुतलाना,तुतराना,तोतलाना	शब्दों और वर्णों का रुक-रुककर अधूरा और अस्पष्ट उच्चारण करना|| छोटा बच्चा पानी माँगते समय तुतला रहा था । 	திக்கு, தெற்று, திக்கி_திக்கி_பேசு, தெற்றிப்பேசு	குழந்தைகள் வார்த்தைகளை திக்கி திக்கி அரைகுறையாக தெளிவில்லாமல் உச்சரிப்பது||  சின்னக்குழந்தை நீர் கேட்கும்போது திக்கியது 	Direct
10302	ADJECTIVE	1229140	ADJECTIVE	digested	"capable of undergoing digestion; ""a supply of easily digested foods"""	पचित,पचा,हज़म,हज़्म,हजम,हज्म,पक्व,परिपक्व	जिसका पाचन हुआ हो या पचा हुआ|| पचित भोजन से शरीर को ऊर्जा प्राप्त होती है । 	செரிமானமான	செரிமானமான||  செரிமானமான உணவு உடலுக்கு ஆரோக்கியம் தரும். 	Direct
10303	NOUN	4853574	NOUN	stubbornness, obstinacy, obstinance, mulishness	the trait of being difficult to handle or overcome	हठीलापन,अड़ियलपन,हठधर्मी,ज़िद्दीपन,हठधर्मिता,जिद्दीपन,अकड़,मताग्रह	अपनी अनुचित बात पर भी अड़े रहने की अवस्था या भाव|| किशोर के हठीलेपन से सभी परेशान रहते हैं । 	பிடிவாதம்	தன் பிடியில் தீர்மானமாய் இருப்பது||  பிடிவாதம் என்பது எளிதில் மாற்றக்கூடியது அல்ல. 	Direct
10304	NOUN	6124677	NOUN	fanaticism, fanatism, zealotry	excessive intolerance of opposing views	हठधर्मिता,हठधर्मी,कट्टरपन	अपने मत  या संप्रदाय की बात लेकर अड़े रहने की प्रवृत्ति|| हिंदुओं तथा मुसलमानों की हठधर्मिता ही अयोध्या विवाद का कारण बनी हुई है । 	பிடிவாதம், சண்டித்தனம், சாட்டியம், அடம், சுறட்டு, செளிம்பு, முரடு, முரண்டு, முஷ்கரம், மூர்க்கம், விடாப்பிடி	தன்னுடைய கழுத்து அல்லது மார்பு வழி விசயத்தினை அடம்பிடிக்கும் செயல்||  இந்துக்கள் மேலும் முஸ்லீம்களின் பிடிவாதத்தினாலேயே அயோத்யா விவாகத்தின் காரணமாக உருவாகிறது 	Direct
10305	ADJECTIVE	2438544	ADJECTIVE	dumbfounded, dumfounded, flabbergasted, stupefied, thunderstruck, dumbstruck, dumbstricken	"as if struck dumb with astonishment and surprise; ""a circle of policement stood dumbfounded by her denial of having seen the accident""; ""the flabbergasted aldermen were speechless""; ""was thunderstruck by the news of his promotion"""	null	null	திகைத்த, பிரமித்துப்போன	என்ன செய்வது என்று தெரியாமல்||  தாஜ்மகாலைப் பார்த்த ராதா திகைத்த நிலையில் இருந்தாள். 	Direct
10306	NOUN	176880	NOUN	adoption, acceptance, acceptation, espousal	"the act of accepting with approval; favorable reception; ""its adoption by society""; ""the proposal found wide acceptance"""	स्वीकार,अंगीकार,मंजूर,मंज़ूर,मन्जूर,क़बूल,कबूल,क़ुबूल,कुबूल,इक़बाल,इकबाल,अभ्युपगम,आश्रव	अपनाने या ग्रहण करने की क्रिया|| विवाह के दो वर्ष पश्चात् भी वरुण अपनी पत्नी को स्वीकार नहीं कर सका । 	ஏற்றல், ஏற்பு	ஒன்றைத் தன்னுடையதாக்கிக் கொள்ளல்||  திருமணத்திற்கு இரண்டு வருடத்திற்குப் பின்பு வரும் தன்னுடைய மனைவியை ஏற்றுக்கொள்ளவில்லை 	Direct
10310	VERB	565648	VERB	remove, take_away	"get rid of something abstract; ""The death of her mother removed the last obstacle to their marriage""; ""God takes away your sins"""	हरना,हरण करना,दूर करना,मिटाना	छुटकारा दिलाना|| भगवान सबका दुख हरते हैं । 	போக்கு, அகற்று, விலக்கு, நீக்கு	ஒன்று ஒருவரிடத்திலிருந்து அகலச்செய்தல்||  கடவுள் அனைவருடைய துக்கத்தையும் போக்கினார் 	Direct
35566	VERB	565648	VERB	remove, take_away	"get rid of something abstract; ""The death of her mother removed the last obstacle to their marriage""; ""God takes away your sins"""	खोखला करना	सार भाग को निकालना या हटाना|| भ्रष्टाचार शासन प्रणाली की जड़ों को खोखला कर रहा है । 	துளையிடு	உள்பாகத்தை வெளியேற்றுவது அல்லது அகற்றுவது||  தீயநடத்தைக் கொண்ட ஆட்சி அமைப்பின் வேர்களை துளையிடுங்கள் 	Hypernymy
10311	NOUN	5533664	NOUN	jaw	the bones of the skull that frame the mouth and serve to open it; the bones that hold the teeth	जबड़ा,हनु,कट्टा,कल्ला,जंभ,जम्भ	मुँह में ऊपर नीचे की हड्डियों में से प्रत्येक जिसमें दाँत उगे होते हैं|| मुक्केबाज़ ने प्रतिद्वंद्वी के जबड़े पर मुक्का मारा । 	தாடை	வாயின் மேலே கீழேயுள்ள எலும்புகளில் ஒவ்வொரு பல் முளைத்திருக்கும் பகுதி||  குத்துசண்டை வீரர் எதிரியின் தாடை மீது குத்தினான் 	Direct
10312	NOUN	10184415	NOUN	murderer, liquidator, manslayer	a criminal who commits homicide (who performs the unlawful premeditated killing of another human being)	हत्यारा,कातिल,क़ातिल,खूनी,ख़ूनी,हन्ता,वधक,वधिक,घातक,घातकी	वह जिसने किसी को जान से मारा हो या मारता हो|| हत्यारे को फाँसी की सज़ा सुनाई गई । 	கொலைக்காரன்	கொலைச் செய்தவன்||  நீதிபதி கொலைக்காரனுக்கு தூக்குத்தண்டனை கொடுத்தார் 	Direct
10313	NOUN	9498958	NOUN	Black, Black_person, blackamoor, Negro, Negroid	a person with dark skin who comes from Africa (or whose ancestors came from Africa)	हबशी,हब्शी,नीग्रो	अफ्रीका का वह निवासी जो बहुत काला होता है और जिसके बाल कड़े और घुँघराले होते हैं || भारत में बहुत से हबशी पढ़ने आते हैं । 	நீக்ரோ	மிகவும் கருப்பாக இருக்கும் மேலும் இவர்களின் முடி கருப்பாக சுருட்டையாக இருக்கும் ஆப்பிரிக்கவாசி||  இந்தியாவிற்கு அதிகமான நீக்ரோக்கள் பிடிக்கவிடுகின்றனர் 	Direct
20271	NOUN	9498958	NOUN	Black, Black_person, blackamoor, Negro, Negroid	a person with dark skin who comes from Africa (or whose ancestors came from Africa)	अश्वेत,काला	अफ्रीका, एशिया आदि देशों का व्यक्ति (गोरों द्वारा माना हुआ) || आखिर कब तक इन अश्वेतों पर ज़ुल्म होते रहेंगे । 	கருப்பர்கள்	ஆப்பிரிக்கா, ஆசியா முதலிய தேசங்களிலுள்ள நபர்||  கடைசியில் இப்பொழுதுவரை இந்த கருப்பர்கள் மீது குற்றச்சாட்டு இருந்துக்கொண்டே இருக்கிறது 	Direct
10314	NOUN	86181	NOUN	capture, gaining_control, seizure	the act of forcibly dispossessing an owner of property	हरण,हरन,प्रहरण,हरना,अवहरण,आहरण	छीनने, लूटने या अनुचित रूप से बलपूर्वक ले लेने की क्रिया|| रावण ने सीता का हरण किया था । 	அபகரித்தல்	பிறர் பொருளை நேர்மையற்ற முறையில் எடுத்துக் கொள்ளுதல்.||  இராவணன் ராமனிடமிருந்து சீதையை அபகரித்த்தால் ராமன் கோபம் அடைந்தான் 	Direct
2732	NOUN	86181	NOUN	capture, gaining_control, seizure	the act of forcibly dispossessing an owner of property	क़ब्ज़ा,कब्जा,कब्ज़ा,अधिकार,वश,काबू,क़ाबू,हक़,हक,बस,आधिपत्य,अख़्तियार,अख्तियार,इख़्तियार,इख्तियार,दावा,संरक्षण,इमकान	किसी वस्तु या संपत्ति आदि पर होने वाला बलपूर्वक स्वामित्व|| अब किले पर सैनिकों का क़ब्ज़ा है । 	ஆதிக்கம், அதிகாரம், வசம், கட்டுப்பாடு	ஆதிக்கம், அதிகாரம், வசம், கட்டுப்பாடு||  இந்தப் பகுதியில் திருடர்களின் ஆதிக்கம் அதிகமாக உள்ளது. 	Direct
10315	NOUN	5056303	NOUN	greenness, verdancy, verdure	the lush appearance of flourishing vegetation	हरियाली,हरियाई,हरीतिमा,सब्ज़ा,सब्जा	हरे-भरे पेड़-पौधों का समूह या विस्तार|| वर्षा ऋतु में हरियाली बढ़ जाती है । 	பசுமை	தாவரங்களாஇக் குறிக்கும் போது இயல்பான ப்ச்சை,நிறம், நீர்த்தன்மை, செழிப்பு ஆகியவற்றைக் கொண்டிருக்கும் தன்மை.||  மழைக் காலங்களில் பசுமை அதிகரித்து விடுகிறது 	Direct
10316	NOUN	7323818	NOUN	green_revolution	the introduction of pesticides and high-yield grains and better management during the 1960s and 1970s which greatly increased agricultural productivity	हरितक्रांति,हरिक्रांति	वह स्थिति जब देश में ख़ूब पैदावार होने लगे|| हरिक्रांति के कारण ही आज देश में पर्याप्त अन्न उपलब्ध है । 	பசுமைபுரட்சி	நவீன முறைகளால் குறிகிய காலத்தில் அதிக விளைச்சல் ஏற்படும் வகையில் 1960களில் இந்திய விவசாயத்தில் நடந்த பெரும் மாற்றம்.||  பசுமைபுரட்சி காரணமாக இன்று தேசத்தில் பஞ்சம் ஒழிக்கப்பட்டது 	Direct
10319	NOUN	10239992	NOUN	palmist, palmister, chiromancer	fortuneteller who predicts your future by the lines on your palms	हस्तरेखाविद्,हस्तरेखाविद	वह जो हाथ की रेखा देखकर व्यक्ति का भूत,भविष्य और वर्तमान बताता हो|| अरुणा के मौसाजी बहुचर्तित हस्तरेखाविद् हैं । 	கைரேகை_நிபுணர்	ஒருவரின் கையின் ரேகையைப் பார்த்து அவரின்  இறந்தகாலம், எதிர்காலம், நிகழ்காலத்தைப் பற்றிக் கூறுவது||  அருணின் மாமா மிகச்சிறந்த கைரேகை நிபுணர் 	Direct
10320	ADJECTIVE	2362130	ADJECTIVE	handwritten	written by hand	हस्तलिखित,हस्तांकित,हस्तान्कित	हाथ का लिखा हुआ || संग्रहालय में कई गणमान्य लोगों के हस्तलिखित पत्र सुरक्षित हैं । 	எழுதிய	பேனா, பென்சில் முதலியவற்றைப் பயன்படுத்தி மொழியின் குறியீடுகளை ஒரு பரப்பில் பதித்த நிலை.||  அருங்காயகத்தில் பல மதிப்பிற்குறியவர்களின் கையால் எழுதிய பத்திரம் பாதுகாப்பாய் இருக்கிறது 	Direct
10323	NOUN	4855134	NOUN	bearing, comportment, presence, mien	dignified manner or conduct	हावभाव,हाव-भाव,नाज़-नख़रा,नाज़ो अदा,अदा,अंगभंग	पुरुषों को मोहित करने के लिए स्त्रियों की मनोहर चेष्टाएँ|| शीला के हावभाव से प्रभावित होकर ही विनोद ने उससे शादी की । 	தளுக்கு-மினுக்கு	பேச்சு, உடல் அசைவு முதலியவற்றில் வெளிப்படுத்தும் மிகையான கவர்ச்சி.||  ஷீலாவின் தளுக்கு-மினுக்கு பார்த்து மயங்கி வினோத் அவளை திருமணாம்செய்துக் கொண்டான் 	Direct
10956	NOUN	4855134	NOUN	bearing, comportment, presence, mien	dignified manner or conduct	चेष्टा,रुख़,रुख,अंदाज़,अन्दाज़,अंदाज,अन्दाज,अध्यवसान,हाव-भाव,हावभाव,आंगिक,आँगिक	शरीर की वह स्थिति जिसके द्वारा चित्त का भाव प्रकट होता है|| सहयात्री की चेष्टाएँ देख हम सतर्क हो गए । 	செயல், நடவடிக்கை	செயல், நடவடிக்கை||  ராமின் செயலைக் கண்டு நான் வியந்து போனேன். 	Direct
10324	NOUN	6303867	NOUN	margin	the blank space that surrounds the text on a page	हाशिया,उपान्त,मार्जिन,पार्श्व,बारी	लिखने के समय काग़ज़ आदि के किनारे खाली छोड़ी हुई जगह|| कोरे काग़ज़ पर लिखते समय हाशिया अवश्य छोड़ना चाहिए । 	ஓரம்	ஓர் இடத்தின் மையத்திலிருந்து ஒதுங்கிய பக்கம்.||  புதிய காகித்தல் எழுதும் பொழுது ஓரம் விட்டு எழுதுதல் அவசியம் 	Direct
10325	NOUN	7113279	NOUN	lament, lamentation, plaint, wail	"a cry of sorrow and grief; ""their pitiful laments could be heard throughout the ward"""	हाहाकार,कुहराम,कोहराम	घबराहट के समय हाय-हाय की पुकार या चिल्लाहट|| अचानक आए तेज़ तूफ़ान से चारों तरफ़ हाहाकार मच गया । 	அச்சஒலி	தீங்கு, இழப்பு, ஆபத்து முதலியவை நேரக்கூடிய சூழ்நிலையில் ஏற்படுத்தும் ஒலி.||  திடீரென்று வந்த பலத்த புயலால் நாங்உ புறமும் அச்சஒலி கேட்டது 	Direct
19781	NOUN	7113279	NOUN	lament, lamentation, plaint, wail	"a cry of sorrow and grief; ""their pitiful laments could be heard throughout the ward"""	रुलाई,रुआई,रोना,रोदन,रुदन,क्रंदन,क्रन्दन,आक्रंद,आक्रन्द,क्रंद,क्रन्द,क्रोश	रोने से उत्पन्न शब्द|| उसकी रुलाई दूर-दूर तक सुनाई दे रही थी । 	அரபிமொழி	அரேபிய மக்களால் பேசப்படும் மொழி||  அவன் அரபி படிக்க கற்றுக் கொண்டான் 	Direct
4555	NOUN	7113279	NOUN	lament, lamentation, plaint, wail	"a cry of sorrow and grief; ""their pitiful laments could be heard throughout the ward"""	विलाप,रोना-धोना	रोकर दुख प्रकट करने की क्रिया या भाव|| राम के वन गमन का समाचार सुनकर अयोध्या वासी विलाप करने लगे । 	விம்மிஅழுதல், விம்மியழுதல்	தொடர்ந்து அழும்போது மூச்சுத் தடைப்படுவதால் ஏற்படும் மெல்லிய ஒலி||  ராமனின் வனவாசம் என்ற செய்தி கேட்டதும் அயோத்தி மக்கள் விம்மி அழுது ஆர்பாட்டம் செய்தனர் 	Direct
10326	NOUN	3094343	NOUN	crampon, crampoon, climbing_iron, climber	an iron spike attached to the shoe to prevent slipping on ice when walking or climbing	काँटा,कांटा	सूई या कील के समान कोई नुकीली वस्तु|| राम ने चारदीवारी पर काँटे लगवाए । 	முள்வேலி	முள்வேலி||  அவன் மதில் சுவர் மேல் முள் வேலி அமைத்தான். 	Direct
10328	NOUN	14168180	NOUN	hiccup, hiccough, singultus	"(usually plural) the state of having reflex spasms of the diaphragm accompanied by a rapid closure of the glottis producing an audible sound; sometimes a symptom of indigestion; ""how do you cure the hiccups?"""	हिचकी,हुचकी,हीक,हिक्का	एक शारीरिक कार्य जिसमें पेट या कलेजे की वायु कुछ रुक-रुककर गले के रास्ते निकलने का प्रयत्न करती है|| बच्चे को बहुत हिचकी आ रही है । 	விக்கல்	அன்னிசையாக மூச்சு ஒரு கணம் தடைப்படுவதால் நெஞ்சுப் பகுதியில் விட்டு விட்டு ஏற்படும் குரல்வளை ஒலி.||  இராமுவுக்கு சாப்பிட்டவுடன் விக்கல் எடுத்தது 	Direct
1033	ADJECTIVE	3216671	ADJECTIVE	osseous, osteal, bony	"composed of or containing bone; ""osseous tissue"""	अस्थिनिर्मित,अस्थि निर्मित,अस्थिमय	जिसका निर्माण अस्थि से हुआ हो या हड्डी का|| राजा का महल अस्थिनिर्मित वस्तुओं से सजाया गया था । 	நிலையான, நிரந்தரமான	ஒன்று மாறாமல் அல்லது மாற்றத்திற்கு உட்படாமல் என்றும் இருப்பது.||  இராஜாவின் அரண்மனை நிலையான பொருட்களால் கட்டப்பட்டு அலங்கரிக்கப்பட்டது 	Direct
10330	NOUN	13871855	NOUN	choking	a condition caused by blocking the airways to the lungs (as with food or swelling of the larynx)	घिग्घी	लगातार रोने या किसी अन्य कारण से साँस में होनेवाली रुकावट|| लगातार रोने के कारण घिग्घी बँध जाती है । 	தேம்பல், விக்கல், பயத்தால்_தொண்டை_அடைப்பு	தொடர்ந்து அழுவது அல்லது ஏதாவது ஒரு காரணத்தினால் மூச்சில் ஏற்படும் தாடை||  தொடர்ந்து அழுகின்ற காரணத்தால் தேம்பல் நின்றுபோவது 	Direct
11218	NOUN	13871855	NOUN	choking	a condition caused by blocking the airways to the lungs (as with food or swelling of the larynx)	घिग्घी	भय के कारण बोलने में होने वाली रुकावट|| लकड़बग्घे को सामने देखकर चौकीदार की घिग्घी बँध गई । 	உளறல், பயத்தால்_தொண்டை_அடைப்பு, குளறல்	பயத்தின் காரணமாக பேசுவதற்கு ஏற்படும் தடை||  கழுதைப்புலியை எதிரே பார்த்த காவலாளிக்கு பயத்தால் தொண்டை அடைத்தது 	Direct
10332	NOUN	7286385	NOUN	neigh, nicker, whicker, whinny	the characteristic sounds made by a horse	हिनहिनाहट,रेषा,हिनहिनना	घोड़े की बोली|| घोड़े की हिनहिनाहट सुनकर सईस घुड़साल की ओर दौड़ा । 	குதிரைகனைத்தல்	குதிர்ரைகனைக்கும் சத்தம்.||  குதிரைகனைத்தல் சத்தம் கேட்டு குதிரைக்காரன் குதிரை லாயத்தின் பக்கம் ஓடினான் 	Direct
10334	NOUN	9156319	NOUN	glacier	a slowly moving mass of ice	हिमनदी,हिमनद,ग्लेशियर,हिमानी	बर्फ की नदी|| भारत और चीन की सीमा पर हिमनदी है । 	பனியாறு, பனிஆறு, க்ளேசியர்	நீர் முழுதும் உறைந்துபோய் மிகமிக மெதுவாக நகரும் ஆறு.||  இந்தியா மற்றும் சீன எல்லையில் பனியாறு இருக்கின்றது 	Direct
10335	NOUN	11342194	NOUN	snow, snowfall	precipitation falling from clouds in the form of ice crystals	हिमपात,हिमवर्षा,बर्फ़बारी,बर्फबारी,बरफ़बारी,बरफबारी,तुषारपात	प्राकृतिक रूप से बरफ गिरने की क्रिया|| अधिक हिमपात से सारे रास्ते बंद हो गए हैं । 	பனிபொழிவு	மிகவும் குளிர்ந்த தட்பவெப்பம் நிலவும் பிரேதசங்களில் மழையை போன்று பனிகட்டிகள் பொழிதல்.||  அதிகமான பனிபொழிவு காரணமாக அனைத்து வழிகளும் மூடப்பட்டன 	Direct
10336	NOUN	4955042	NOUN	freezing_point, melting_point	the temperature below which a liquid turns into a solid	हिमांक	वह तापमान जिसके नीचे तरल पदार्थ ठोस में परिवर्तित हो जाते हैं|| जल का हिमांक शून्य डिग्री सैल्शियस होता है । 	உரைவெப்பம்	வெப்பம் திரவமாக இருக்கும் பொருளும் கட்டியாகி விடுகின்ற நிலை.||  நீரின் உரைவெப்பம் பூஜ்ஜியம் டிகிரி செல்ஷியஸ்ஸாக இருக்கின்றது 	Direct
10337	NOUN	14574696	NOUN	asafetida, asafoetida	the brownish gum resin of various plants; has strong taste and odor; formerly used as an antispasmodic	हींग,हिंग,हिंगुल,जंतुनाशक,जन्तुनाशक,शालसार,जातुक,वेलन,अरुणसार,दीप्त,पिण्याक,पिन्यास,वाह्लीक,उग्रगंध,उग्रगन्ध,रक्षोघ्न	अफ़गानिस्तान और फ़ारस में होने वाले एक छोटे पौधे का जमाया हुआ गोंद या दूध जिसमें बहुत तीव्र गंध होती है|| हींग का उपयोग दवा तथा मसाले के रूप में किया जाता है । 	பெருங்காயம்	குழம்பு, ரசம் முதலியவற்றில் வாசனைக்காச் சேர்க்கப்படும் ஒரு வகைச் செடியின் பாலிலிருந்து தயாரிக்கப்படும் செம்பழுப்பு நிறத் திடப் பொருள் ||  பொதுவாக சாம்பாருக்கு பெருங்காயம் பயன்படுத்துகிறார்கள் 	Direct
21124	NOUN	14574696	NOUN	asafetida, asafoetida	the brownish gum resin of various plants; has strong taste and odor; formerly used as an antispasmodic	हींगड़ा	एक प्रकार की हींग || हींगड़ा घटिया होता है । 	ஹிங்கடா	ஒரு வகை பெருங்காயம்||  ஹிங்கடா மிகச் சிறந்தது 	Hypernymy
17997	NOUN	14574696	NOUN	asafetida, asafoetida	the brownish gum resin of various plants; has strong taste and odor; formerly used as an antispasmodic	वंशपत्री	एक प्रकार की हींग|| वंशपत्री दवा के काम में भी आती है । 	ஜாதிபத்திரி, சாதிப்பிரஷ்டன்	ஒரு வகை பெருங்காயம்||  ஜாதிபத்திரி மருந்தாக பயன்படுகிறது 	Hypernymy
10344	NOUN	4181031	NOUN	skirt	a garment hanging from the waist; worn mainly by girls and women	लहँगा,लहंगा,पटवास,लामन	स्त्रियों का एक पहनावा जो कमर से नीचे के भाग को ढँकता है|| गीता लहँगा, चोली और चुनरी पहनी है । 	பாவாடை	இடுப்பிற்கு கீழே உள்ள பாகத்தை மறைக்கும் பெண்களின் ஒரு ஆடை||  கீதா பாவாடை மற்றும் சுங்குடி புடவை அணிந்திருக்கிறாள் 	Direct
8713	NOUN	4181031	NOUN	skirt	a garment hanging from the waist; worn mainly by girls and women	घाघरा,घाँघरा,घघरा	एक चुननदार और घेरदार पहनावा जिसे स्त्रियाँ कमर से पहनती हैं|| घाघरा कमर से एड़ी तक होता है । 	பாவாடை	உள்ளாடையாகப் பெண்களும் வெளிப்புற ஆடையாகச் சிறுமியரும் இளம் பெண்களும் அணியும்  இடுப்பிலிருந்து கணுக்க்கால் வரை தொங்கும்படியான உடை.||  இந்த பாவாடை அழகாக இருக்கிறது 	Direct
10346	NOUN	501485	NOUN	bet, wager	"the act of gambling; ""he did it on a bet"""	शर्त,बाज़ी,बाजी,दाँव,होड़,दांव,दावँ,दाव	किसी विषय के ठीक होने के संबंध में दृढ़ता पूवर्क कुछ कहने का वह प्रकार जिसमें सत्य या असत्य सिद्ध होने पर हार-जीत व कुछ लेन-देन भी हो|| राहुल शर्त जीत गया । 	பந்தயம்	ஒன்றை குறித்த முடிவு இவ்வாறு தான் இருக்கும் என்று வெவ்வேறு கருத்து கூறுபவர் இடையே பணம் முதலியவை கட்டி நடக்கும் போட்டி||  ராகுல் பந்தயம் வைத்து சீட்டு விளையாடிக்கொண்டிருந்தான். 	Direct
10153	NOUN	501485	NOUN	bet, wager	"the act of gambling; ""he did it on a bet"""	सट्टा	साधारण व्यापार से भिन्न खरीद-बिक्री का वह प्रकार जो केवल तेज़ी-मंदी के विचार से अतिरिक्त लाभ करने के लिए होता है|| अर्जुन ने सट्टे में बहुत धन लगाया है । 	துணிந்து_யுகத்தை_அடிப்படையாக_கொண்டு_வணிகம்	வேகமான - மந்தமான எண்ணத்தினால் தவிர நன்மை செய்வதற்காக இருக்கும் சாதாரண வியாபாரத்திலிருந்து வேறுபட்ட வாங்கும் - விற்கும் ஒரு முறை||  அர்ஜீன்  துணிந்து யுகத்தை அடிப்படையாக கொண்டு வணிகம் செய்தலில் அதிக செல்வத்தை ஈட்டுகிறான் 	Direct
4746	NOUN	501485	NOUN	bet, wager	"the act of gambling; ""he did it on a bet"""	बाज़ी,बाजी	आदि से अंत तक कोई ऐसा पूरा खेल जिसमें हार-जीत हो या दाँव लगा हो|| श्याम ने हारते-हारते अंतिम समय में बाज़ी जीत ली । 	பந்தயம்	விளையாட்டு போன்றவற்றில் பலர் கலந்து கொள்வதாகவும் ஒருவர் வெற்றி பெறுவதாகவும் அமையும் நிகழ்ச்சி||  ஷ்யாம் தோல்வியடைந்து இறுதியில் பந்தயத்தில் வெற்றிப் பெற்றான். 	Direct
10347	NOUN	7229444	NOUN	destiny, fate	an event (or a course of events) that will inevitably happen in the future	होनी,भवितव्यता,नियति,दैव,भावी,होनहार,होतव्यता,होतव्य,होतब,शुदनी,आगम,उंचौनी	अवश्य होने या होकर रहनेवाली बात या घटना|| होनी को कोई नहीं टाल सकता । 	விதி	விதி||  விதியை யாராலும் மாற்ற முடியாது. 	Direct
1035	NOUN	14897193	NOUN	cerumen, earwax	a soft yellow wax secreted by glands in the ear canal	कनमैल,खोंठ,खूँट,कर्ण मल,खूंट,ठेंठी,कल्क,तोक्म	कान में पायी जानेवाली मैल|| खोंठ की अधिकता से कान संबंधी कई रोग होते हैं । 	காதுகுரும்பி	காதின் உள் பகுதியில் உள்ள அழுக்கு||  காதில் குரும்பி அதிகமாவதால் காது தொடர்பான பல நோய்கள் ஏற்படுகின்றன 	Direct
10350	NOUN	8166340	NOUN	academy, honorary_society	an institution for the advancement of art or science or literature	अकादमी,अकैडमी	वह संस्था जिसका उद्देश्य कला, साहित्य, विज्ञान आदि की उन्नति तथा प्रचार करना हो|| हिंदी अकादमी हिंदी के विकास और प्रसार में लगी हुई है । 	அகாடமி	உயர்கல்வி மையம்.||  இந்தி அகாடமி இந்தி வளர்ச்சி மற்றும் விரிவைப் பற்றி பேசுகின்றனர் 	Direct
10351	ADJECTIVE	1549132	ADJECTIVE	maximal, maximum	"the greatest or most complete or best possible; ""maximal expansion""; ""maximum pressure"""	अधिकतम,सर्वाधिक,सबसे अधिक,सबसे ज़्यादा,सबसे ज्यादा	अधिक से अधिक जितना हो सकता हो या सबसे अधिक|| आज का अधिकतम तापमान चालीस डिग्री सेल्सियस है । 	அதிகபடியான, மிகஅதிகமான	குறிப்பிடும் அளவுக்கு அதிகம்.||  இன்றைய அதிகபடியான வெப்பநிலை நாற்பது டிகிரி செல்ஷியஸ் ஆகும் 	Direct
10354	ADJECTIVE	1467058	ADJECTIVE	controlled, restricted	"curbed or regulated; ""controlled emotions"""	मर्यादित,संयत	किसी प्रकार की सीमा या मर्यादा में रहने और उसका उल्लंघन न करनेवाला|| मर्यादित व्यक्ति श्रद्धा के पात्र होते हैं । 	நல்லொழுக்கமுள்ள, ஒழுங்குள்ள	நல்லொழுக்கமுள்ள, ஒழுங்குள்ள||  நல்லொழுக்கமுள்ள மனிதர்கள் மரியாதைக்குரியவர்கள். 	Direct
6480	ADJECTIVE	1467058	ADJECTIVE	controlled, restricted	"curbed or regulated; ""controlled emotions"""	नियंत्रित,प्रतिबद्ध	जिस पर नियंत्रण हो|| सरकार द्वारा नियंत्रित संस्था ठप पड़ गई । 	கட்டுபாட்டிலுள்ள	ஒன்றை செயல்படுத்த,நிர்வகிக்க,மேற்பார்வையிட ஒருவருக்கு இருக்கும் அதிகாரம்.||  அரசாங்கத்தின் கட்டுபாட்டிலுள்ள நிறுவனம் அதிகம் உள்ளன. 	Direct
10355	NOUN	10516672	NOUN	supervisor	one who supervises or has charge and direction of	पर्यवेक्षिका,अधीक्षिका	किसी व्यवहार, बात, काम आदि को ध्यान से देखनेवाली महिला|| पर्यवेक्षिका विद्यालय का निरीक्षण करने के लिए आने वाली हैं । 	கண்காணிப்பாளர், மேற்பார்வையாளர்	ஏதாவது ஒரு செயல், வேலை முதலியவற்றை கவனமாக மேற்பார்வை செய்யும் நபர்||  கண்காணிப்பாளர் பள்ளியினை மேற்பார்வை செய்வதற்காக வந்திருக்கின்றார் 	Direct
1760	NOUN	10516672	NOUN	supervisor	one who supervises or has charge and direction of	पर्यवेक्षक,कार्य दर्शक,कार्य दर्शी,कार्येक्षक,अधीक्षक	किसी व्यवहार, बात, काम आदि को ध्यान से देखने वाला व्यक्ति|| इस काम को देखने के लिए पर्यवेक्षक आने वाले हैं । 	மேற்பார்வையாளர், கண்காணிப்பாளர்	மேற்பார்வையிடும் பணியைச் செய்பவர்.||  தேர்விற்கு மேற்பார்வையாளர் வர வேண்டும் 	Direct
2772	NOUN	10516672	NOUN	supervisor	one who supervises or has charge and direction of	null	null	மேற்பார்வையாளர்	அமைப்பை மேற்பார்வை செய்யும் ஒருவர்||  மேற்பார்வையாளருக்கு தன்னுடைய பணியாளர்களின் மீது கவனமான பார்வை வைக்க வேண்டியிருக்கிறது 	Direct
10358	NOUN	6462952	NOUN	license, licence, permit	a legal document giving official permission to do something	लाइसेंस,अनुज्ञप्ति,अनुमतिपत्र,परमिट,लायसंस,लाइसेन्स,लायसन्स	कोई विशेष काम करने या अपने पास कोई विशेष वस्तु रखने का शासन द्वारा प्रदत्त अधिकार-पत्र|| महेश को गाड़ी चलाने का लाइसेंस मिल गया है । 	அனுமதி	ஒருவர் ஒன்றை செய்வதற்கு அளீக்கும் சம்மதம்.||  மகேஷிற்கு வண்டி ஓட்டுவதற்கான அனுமதி கிடைத்துவிட்டது 	Direct
10359	NOUN	8527581	NOUN	section	"a distinct region or subdivision of a territorial or political area or community or group of people; ""no section of the nation is more ardent than the South""; ""there are three synagogues in the Jewish section"""	उप-विभाग,उपविभाग,अनुभाग,सेक्शन,सैक्शन	किसी विभाग के अंतर्गत कोई छोटा विभाग|| अस्पताल में कई उप-विभाग होते हैं । 	பிரிவு	ஒரு நிறுவனம், அமைப்பு போன்றவற்றில் வெவ்வேறான செயல்பாடுகளைக் கொண்டவற்றுள் ஒன்று||  மருத்துவமனையில் பல பிரிவு இருக்கின்றன. 	Direct
1036	NOUN	10128785	NOUN	mahout	the driver and keeper of an elephant	महावत,हाथीवान,गजवान,पीलवान,महाउत,फ़ीलवान,फीलवान,गजपाल,नागवारिक,पीलपाल,मेठ,कुंजरारोह,कुञ्जरारोह,निषादी,आधोरण	वह जो हाथी चलाता या हाँकता हो|| मेले में एक बड़ा हाथी महावत के नियंत्रण से बाहर हो गया और दुकानों को तहस-नहस करने लगा । 	யானைப்பாகன்	யானையை ஓட்டுபவன்.||  திருவிழாவில் ஒரு பெரிய யானை யானைப் பாகனின் கட்டுப்பாட்டை விட்டு வெளியே வந்தது 	Direct
10360	NOUN	13248708	NOUN	budget	"a summary of intended expenditures along with proposals for how to meet them; ""the president submitted the annual budget to Congress"""	बजट,आय-व्यय पत्रक,अनुमानपत्र,आयव्ययक,आयव्ययिक,व्याकल्प	आगामी वर्ष या मास के लिए होने वाले आय-व्यय का लेखा जो पहले से तैयार करके मंज़ूर कराया जाता है|| मार्च के महीने में सरकार द्वारा बजट पारित किया जाता है । 	பட்டியல்அறிவுப்பு	அரசாங்கம் மூலமாக ஒரு செய்தியை மக்களுக்கு தெரிவிப்பது.||  பட்டியல்அறிவுப்பு மக்களின் வளர்ச்சிக்காக அரசாங்கம் திடமாக முடிவெடுக்க வேண்டும் 	Direct
10363	ADJECTIVE	1084833	ADJECTIVE	informal	"not formal; ""conservative people unaccustomed to informal dress""; ""an informal free-and-easy manner""; ""an informal gathering of friends"""	अनौपचारिक	जो औपचारिक न हो|| शिक्षा के दौरान छात्रों को अनौपचारिक शिक्षा भी दी जानी चाहिए । 	சம்பிரதாயபடியில்லாத	சாஸ்திர சம்பிரதாய முறைபடி இல்லாமல்  இருப்பது.||  மாணவர்களுக்கு சம்பிரதாயபடியில்லாத பாடத்திட்டங்கனையும் சொல்லிக்கொடுத்தல் 	Direct
10365	ADJECTIVE	1214779	ADJECTIVE	infective, morbific, pathogenic	"able to cause disease; ""infective agents""; ""pathogenic bacteria"""	रोगकारक,रोगजनक,रोगकारी,रोगजन्य	बीमारी पैदा करनेवाला|| पानी में उपस्थित रोगकारक कीटाणुओं को नष्ट करने के लिए उसे बीस मिनट तक उबालना चाहिए । 	நோய்உண்டாக்குன்ன	பாக்டிரியா, வைரஸ் போன்றவற்றாலோ உடலின் இயக்கத்துக்கு காரணமானவை சீராக இயங்காத்தாலோ ஏற்படும் நலக்குறாஇ பாகங்களை அல்லது வளர்ச்சியைப் பாதிப்பது.||  தண்ணீரில் நோய்உண்டாக்குன்ன கிருமி அதிகம் காணப்படுகிறது 	Direct
10367	NOUN	7303868	NOUN	undertide, undercurrent	a current below the surface of a fluid	अंतर्धारा	नदी,समुद्र आदि में पानी की ऊपरी सतह से नीचे बहनेवाली धारा|| लकड़ी अंतर्धारा के साथ-साथ बह रही है । 	அடியிலுள்ள_நீரோட்டம்	நதி, கடல் முதலியவற்றில் நீரின் மேற்பரப்பிலிருந்து கீழே உள்ள நீரோட்டம்||  மரத்துண்டு அடியிலுள்ள நீரோட்டத்துடன் அடித்துக்கொண்டு செல்கிறது 	Direct
10368	NOUN	15082034	NOUN	speed, velocity	distance travelled per unit time	गति,रफ्तार,रफ़्तार,वेग,चाल,रविश,स्पीड	प्रति इकाई समय में तय की गई दूरी|| कार ९० किलोमीटर की गति से भाग रही है । 	வேகம்	பொதுவாக இயக்கம் குறித்து வரும்போது குறிப்பிட்ட நேரத்தில் இவ்வளவு தூரம் அல்லது இத்தனை முறை என்ற வித்த்தில் கணக்கிடும் அளவு||  கார் தொண்ணூறு கி.மீ  வேகம் ஓடிக் கொண்டிருக்கிறது 	Direct
10371	ADJECTIVE	1399467	ADJECTIVE	built-in, constitutional, inbuilt, inherent, integral	"existing as an essential constituent or characteristic; ""the Ptolemaic system with its built-in concept of periodicity""; ""a constitutional inability to tell the truth"""	अंतर्निहित,अन्तर्निहित,अंतर्निष्ठ,अन्तर्निष्ठ,अंतर्निविष्ट,अन्तर्निविष्ट	जो अंदर स्थायी रूप से स्थित हो || कुछ लोगों में कम बोलने का अंतर्निहित गुण विद्यमान होता है । 	உள்ளடக்கிய	வரம்பு,வரையறை போன்றவற்றுக்கு ஒன்றை உட்பட்டதான.||  சில மக்களின் குறைவாக பேசுபவர்களின் உள்ளடக்கிய குணம் இருக்கின்றது 	Direct
10372	NOUN	14011354	NOUN	malnutrition	a state of poor nutrition; can result from insufficient or excessive or unbalanced diet or from inability to absorb foods	कुपोषण	सही पोषण न होने की क्रिया या अवस्था || कुपोषण के शिकार बच्चों का शारीरिक एवं मानसिक विकास ठीक से नहीं हो पाता । 	ஊட்டச்சத்துகுறைவு	உடல்நலத்திற்கு அல்லது பயிர் வளத்திற்குத் தேவையான சத்துப் பொருள்||  ஊட்டச்சத்துகுறைவு காரணமாக பாதிக்கப்பட்ட குழந்தைகளின் உடல் மற்றும் மன ரீதியான வளர்ச்சி சரியாக இருப்பதில்லை 	Direct
10374	NOUN	6445488	NOUN	act, enactment	a legal document codifying the result of deliberations of a committee or society or legislative body	अधिनियम,ऐक्ट,अधिनियमय,एक्ट	संसद आदि के द्वारा बनाया हुआ नियम|| सरकार अपनी सुविधानुसार अधिनियमों को बदल सकती है । 	விதி, சட்டம்	வரி, கட்டணம் முதலியவை செலுத்தப்பட வேண்டும் என்று அரசாங்கம் அல்லது ஒரு நிறுவனம் போன்றவை அதிகாரபூர்வமாக அறிவித்தல்||  அரசாங்கம் ந்ம் வசதிக்கு தகுந்தார் போல் விதிகளை மாற்றுகிறது 	Direct
10377	NOUN	6070981	NOUN	criminology	the scientific study of crime and criminal behavior and law enforcement	अपराधविज्ञान,अपराध-विज्ञान,अपराध विज्ञान	वह विज्ञान जिसमें इस बात का विवेचन होता है कि लोग अपराध क्यों करते हैं और उनकी आपराधिक प्रवृत्ति का किन उपायों से अंत किया जा सकता है|| शेखर अपराधविज्ञान पढ़ता है । 	குற்றவியல்	குற்றம் பற்றியும் குற்றவளிகள் பற்றியும் அறிவியல் அடிப்படையில் விளங்கும் துறை||  சேகர் குற்றவியல் பிரிவில் பணி செய்கிறான் 	Direct
10378	ADJECTIVE	1258344	ADJECTIVE	graduate(a), postgraduate	"of or relating to studies beyond a bachelor' s degree; ""graduate courses"""	स्नातकोत्तर,पोस्ट-ग्रेजुएट,परास्नातक	स्नातक और डॉक्टरेट के बीच की पढ़ाई से संबंधित|| स्नातकोत्तर छात्रों ने विद्यालय में तोड़-फोड़ की । 	முதுகலைபட்டதாரி	பல்கலைக்கழகத்தில் இளங்கலைப்பட்டம் பெற்றவர்கள் படிக்கும் மேல்ப்பட்டத்திற்காக படிக்கும் பட்டதாரி.||  முதுகலைபட்டதாரிகள் மாணாவர்களுக்கு பகுதி நேரத்தில் பாடம் கற்பிக்கின்றனர் 	Direct
10379	NOUN	9784621	NOUN	coach, private_instructor, tutor	a person who gives private instruction (as in singing or acting)	अनुशिक्षक,ट्यूटर,टिउटर	वह शिक्षक जो विद्यालय के अतिरिक्त शुल्क लेकर शिक्षा देता है|| राहुल के अनुशिक्षक प्रतिदिन पाँच बजे उसे पढ़ाने आते हैं । 	பயிற்சியாளர், பயிற்சியளிப்பவர்	குறிப்பிட்ட பணி, விளையாட்டு, கலை போன்றவற்றுக்கு பணம் பெற்றுகொண்டு பயிற்சியளிப்பவர்||  ராகுலின் பயிற்சியாளர் தினமும் ஐந்து மணிக்கு அவனுக்கு பயிற்சி கொடுக்கிறார் 	Direct
1038	NOUN	7658927	NOUN	tamarind, tamarindo	large tropical seed pod with very tangy pulp that is eaten fresh or cooked with rice and fish or preserved for curries and chutneys	इमली,अम्लिका,आम्लिका,अमली,अमिली,इँबिली,श्वेताम्लि,शाकाम्ल,शाखाम्ला,रक्तपूरक,चूड़ाम्ल	एक प्रकार की गूदेदार फली जो खटाई के काम आती है || इमली में विटामिन सी अधिक मात्रा में पाया जाता है । 	புளி	புளியம்பழத்தின் ஓட்டை நீக்கிப் பெறப்படும் புளிப்புசுவையுடைய சதைப் பகுதி.||  குழம்பு வைக்கக் கொஞ்சமாகப் புளி எடுத்துக் கொள் 	Direct
10380	NOUN	876866	NOUN	tutelage, tuition, tutorship	teaching pupils individually (usually by a tutor hired privately)	अनुशिक्षण,कोचिंग	किसी को शुल्क लेकर शिक्षित या प्रशिक्षित करने की क्रिया या भाव|| अनुशिक्षण द्वारा वह अच्छा-खासा कमा लेता है । 	தனிபயிற்சி	ஆசிரியர் வாயிலாக பள்ளிக்கூடக் கல்வி நேரம் தவிர கட்டணம் பெற்றுக்கொண்டு கற்றுகொடுக்கும் பயிற்சி||  இப்பொழுதுள்ள குழந்தைகள் பயிற்சி இருந்தால்தான் படிக்க விரும்புகின்றனர் 	Direct
10380	NOUN	876866	NOUN	disoblige	ignore someone' s wishes	अनुशिक्षण,कोचिंग	किसी को शुल्क लेकर शिक्षित या प्रशिक्षित करने की क्रिया या भाव|| अनुशिक्षण द्वारा वह अच्छा-खासा कमा लेता है । 	தனிபயிற்சி	ஆசிரியர் வாயிலாக பள்ளிக்கூடக் கல்வி நேரம் தவிர கட்டணம் பெற்றுக்கொண்டு கற்றுகொடுக்கும் பயிற்சி||  இப்பொழுதுள்ள குழந்தைகள் பயிற்சி இருந்தால்தான் படிக்க விரும்புகின்றனர் 	Direct
30963	ADJECTIVE	1329897	ADJECTIVE	nickel-and-dime, small-time	"of minor importance; ""a nickel-and-dime operation run out of a single rented room""; ""a small-time actor"""	छोटा-मोटा,छोटा मोटा,छोटामोटा	जो बहुत खास या बड़ा न हो यानि साधारण और छोटा हो|| वह छोटा-मोटा काम करके अपने परिवार का पालन-पोषण करता है । 	சிறிய_-_பெரிய, சின்ன_-_பெரிய	மிகவும் முக்கியமாக அல்லது பெரிதாக இல்லாதது ஆனால் சாதாரணமாக சிறியதாக இருப்பது||  அவன் சிறிய - பெரிய வேலை செய்து தன்னுடைய குடும்பத்தை காப்பாற்றினான் 	Direct
24423	ADJECTIVE	1329897	ADJECTIVE	nickel-and-dime, small-time	"of minor importance; ""a nickel-and-dime operation run out of a single rented room""; ""a small-time actor"""	छुटभैया	कम महत्व का या छोटा-मोटा (व्यक्ति) || चुनाव के समय छुटभैये नेताओं की माँग भी बढ़ जाती है । 	சிறப்பில்லாத, சிறப்பற்ற	சிறப்பில் குறைந்த ( நபர்)||  தேர்தலின் சமயம் சிறப்பில்லாத தலைவர்கள் வாக்கு கேட்பது அதிகரித்துவிட்டது 	Direct
10388	NOUN	10359094	NOUN	registrar, record-keeper, recorder	someone responsible for keeping records	अभिलेखापाल,अभिलेखपाल,रिकॉर्ड कीपर,रिकार्ड कीपर	वह अधिकारी जिसकी देख-रेख में किसी कार्यालय के अभिलेख आदि रहते हों|| राम नारायण स्टेट बैंक में अभिलेखापाल थे । 	ஆவணக்காப்பாளர்	முக்கியத்துவம் வாய்ந்த ஆவணங்களைப் பாதுகாத்து சரி செய்யும் பிரிவு.||  ராம் நாராயணன் ஸ்டேட் வங்கியில் ஆவணக்காப்பாளர் பிரிவில் பணிபுரிகிறார் 	Direct
10389	NOUN	14660603	NOUN	waste, waste_material, waste_matter, waste_product	"any materials unused and rejected as worthless or unwanted; ""they collect the waste once a week""; ""much of the waste material is carried off in the sewers"""	अपशेष	वह पदार्थ जिसे अनुपयोगी समझकर फेंक दिया जाता है|| कारखानों के अपशेष नदियों आदि के जल को प्रदूषित करते हैं । 	கழிவுகள்	தேவையற்றது என்று கழிக்கப் பட்டதாகிய குப்பைகூளம் தொழிற்சாலையில் பயன்படுத்தப்பட்ட பின் சேரும் அல்லது வெளியேற்றப்படும் ரசாயனக் கலப்புடைய பொருள்||  தொழிற்சாலைகளின் கழிவுகளை நதிகள் போன்றவற்றில் கலப்பதால் நீர் மாசுபடுகிறது 	Direct
2342	NOUN	14660603	NOUN	waste, waste_material, waste_matter, waste_product	"any materials unused and rejected as worthless or unwanted; ""they collect the waste once a week""; ""much of the waste material is carried off in the sewers"""	कबाड़,रद्दी सामान,कबाड़ा,अंगड़-खंगड़,कचरा,रद्दी,बोबा	बेकार की या टूटी-फूटी वस्तु या किसी काम में न आनेवाली वस्तु || इस घर में केवल कबाड़ ही भरा हुआ है । 	குப்பை	கிழிக்கப்பட்ட தாள், கந்தல்துணி போன்ற உபயோகம் அற்றவை என்று கழிக்கப்பட்டவை, காற்று அடித்துக் கொண்டு வரும் தூசி, சொத்தை முதலியவை.||  இந்த வீட்டில் குப்பை கூழங்கள் அதிகமாக இருக்கிறது 	Direct
3978	NOUN	14660603	NOUN	waste, waste_material, waste_matter, waste_product	"any materials unused and rejected as worthless or unwanted; ""they collect the waste once a week""; ""much of the waste material is carried off in the sewers"""	कूड़ा करकट,कचरा,कूड़ा-करकट,कूड़ा-कर्कट,पुरीष,कूड़ा,कबाड़ा,करकट,भँगार,भंगार,अल्लम-गल्लम,अवस्कर,आखोर	ऐसी चीज़ जो बिलकुल रद्दी मान ली गई हो || वह आज अपने कमरे से कूड़ा करकट हटाने में व्यस्त है । 	குப்பைக்கூளம், உபயோகமற்றபொருட்கள், கழிவுப்பொருட்கள்	கிழிக்கப்பட்டதாள் கந்தல் துணி போன்ற உபயோகம்  அற்றவை என்று கிழிக்கப்பட்டவை||  அவன் இன்று தன்னுடைய அறையிலிருந்த குப்பைக்கூளத்தை சுத்தம் செய்தான் 	Direct
3767	NOUN	14660603	NOUN	waste, waste_material, waste_matter, waste_product	"any materials unused and rejected as worthless or unwanted; ""they collect the waste once a week""; ""much of the waste material is carried off in the sewers"""	अनुपयोगी वस्तु,बेकार की वस्तु	ऐसी वस्तु जो उपयोगी न हो|| मोहन ने अपनी सभी अनुपयोगी वस्तुएँ कबाड़ी वाले को दे दी । 	உபயோகப்படாத_பொருள், பயன்படாத_பொருள், உபயோகமில்லாத_பொருள், பயனில்லாத_பொருள், உபயோகமற்ற_பொருள், பயனற்ற_பொருள்	பயன்படாத ஒரு பொருள்||  மோகன் உபயோகப்படாத பொருட்களைக் குவித்து தீயிட்டான் 	Direct
10391	NOUN	9633952	NOUN	agent	a representative who acts on behalf of other persons or organizations	अभिकर्ता,अभिकर्त्ता,एजेंट,अजंट,एजेन्ट,अजन्ट,एजंट,एजन्ट,अभिसाधक	वह जो किसी व्यक्ति या संस्था की ओर से उसके प्रतिनिधि के रूप में कुछ करने के लिए नियत हो|| श्याम एक निजी बैंक में अभिकर्ता है । 	முகவர்	ஒரு நிறுவனத்தில் நியமிக்கப்பட்டு, அந்த நிறுவனத்தின் பொருள்களைப் பெரும் அளவில் விற்பவர் அல்லது அந்த நிறுவனத்தின் சேவையைப் பெரும் அளவில் தருபவர்||  சியாம் ஒரு தனியார் வங்கியில் முகவர் பணியில் இருக்கிறான் 	Direct
17106	NOUN	9633952	NOUN	agent	a representative who acts on behalf of other persons or organizations	कारिंदा,कारिन्दा,गुमाश्ता	दूसरे की ओर से काम करने वाला कर्मचारी|| सेठ ने पैसा वसूलने के लिए अपने कारिंदे को भेजा । 	குமாஸ்தா	மற்றொரு பக்கமிருந்து வேலை செய்யக்கூடிய பணியாள்||  சேட் பைசா வசூலிப்பதற்காக தன்னுடைய குமாஸ்தாவை அனுப்பினான் 	Direct
10392	ADJECTIVE	77984	ADJECTIVE	uninfluenced, unswayed, untouched	"not influenced or affected; ""stewed in its petty provincialism untouched by the brisk debates that stirred the old world""- V.L.Parrington; ""unswayed by personal considerations"""	अप्रभावित,अप्रभान्वित	जिस पर प्रभाव न पड़ा हो|| ब्रह्मज्ञानी सांसारिक सुख-दुख से अप्रभावित होते हैं । 	பாதிப்படையாத, பாதிக்கப்படாத, பாதிப்பில்லாத	இயல்பான தன்மைக்கு ஏற்படும் கேடு அல்லது சேதம் இல்லாத நிலை||  பிரம்ம ஞானி உலக சுகதுக்கங்களால் பாதிப்படையாதவராக இருக்கிறார் 	Direct
10394	NOUN	6640518	NOUN	allegation, allegement	statements affirming or denying certain matters of fact that you are prepared to prove	अभिकथन	किसी व्यक्ति या पक्ष की ओर से कही जानेवाली ऐसी बात या लगाया जानेवाला ऐसा आरोप जो अभी प्रमाणित न हुआ हो अथवा जिसके प्रमाणित होने में कुछ संदेह हो|| न्यायालय में राम अपने अभिकथन को सही साबित न कर सका । 	திருட்டு, குற்றச்சாட்டு	ஏதாவது ஒரு நபர் அல்லது அவர் பக்கமாக கூறப்படுகிற விசயம் அல்லது தொடுக்கப்படுகிற குற்றச்சாட்டு||  நீதிமன்றத்தில் ராம் அல்லது தன்னுடைய குற்றச்சாட்டை சரியாக நிரூபிக்க முடியவில்லை 	Direct
2999	NOUN	6640518	NOUN	allegation, allegement	statements affirming or denying certain matters of fact that you are prepared to prove	आरोप,इल्ज़ाम,इल्जाम,इलज़ाम,इलजाम,अभियोग,आक्षेप,आरोपण	किसी के विषय में यह कहने की क्रिया कि अमुक ने अनुचित, दंडनीय या नियम-विरुद्ध कार्य किया है|| भ्रष्टाचार के आरोप में उसे निलंबित किया गया है । 	குற்றச்சாட்டு	ஒருவர் மீது சுமத்தும் குற்றம்.||  அவன் மீது குற்றச்சாட்டு சுமத்தப்பட்டது 	Direct
10395	VERB	633654	VERB	subtract, deduct, take_off	make a subtraction	घटाना,घटान करना	अधिक मान,संख्या आदि में से छोटा मान,संख्या आदि निकालकर अलग करना|| उसने हिसाब करने के लिए पन्द्रह में से सात घटाया । 	கழி	ஒரு தொகையிலிருந்து மற்றொரு தொகையை குறைத்தல்||  கணக்கை தீர்மானிப்பதற்கு பதினைந்திலிருந்து ஏழை கழித்தனர் 	Direct
10396	NOUN	5552907	NOUN	aptitude	inherent ability	अभिक्षमता	किसी की अंतर्निहित बौद्धिक योग्यता|| नौकरी देने से पहले लोगों की अभिक्षमता परखी जाती है । 	தகுதி	ஒருவர் புரிந்துகொள்வதற்காக கொடுக்கப்படும் தகுதி||  வேலை கொடுப்பதற்கு முன்பு மக்களுக்கு தகுதி தேவைப்படுகிறது 	Direct
10402	NOUN	5552907	NOUN	aptitude	inherent ability	अभिवृत्ति	कोई काम करने का प्राकृतिक रुझान|| अच्छी अभिवृत्ति सफल जीवन में सहायक होती है । 	அபிவிருத்தி, பரிஷ்கரித்தல், பரிஷ்காரம், வத்தகம், விருத்தி	ஏதாவது ஒரு வேலை செய்வதற்கான இயற்கை||  நல்ல அபிவிருத்தி விளைச்சல் வாழ்க்கையில் உதவியாக இருக்கிறது 	Direct
10398	NOUN	4689765	NOUN	uniformity, uniformness	the quality of lacking diversity or variation (even to the point of boredom)	अभिन्नता,अभिन्नत्व,एकरूपता,सर्वसमता,एकत्व,अभेद,अभेव,अभेय,अविशेष	भिन्नत्व का अभाव|| अभिन्नता के कारण जुड़वाँ बहनों को पहचानना मुश्किल हो जाता है । 	வேறுபாடின்மை, ஒப்பின்மை, பேதம், விகண்டிதம், விகற்பம், விகிர்தமின்மை, விகிருதின்மை, விதிரேகமின்மை, விபரியாசமின்மை, வியவின்மை, வேதமின்மை, அக்கியாதமின்மை	வேறுபாடு இல்லாமை||  வேறுபாடின்மை காரண்மாக இரட்டை சகோதரிகளை அடையாளம் கொள்வது கடினமாக இருக்கிறது 	Direct
104	NOUN	7377995	NOUN	emotion	any strong feeling	मनोभाव,मानसिक भाव,मनोभावना,मनोविकार,मनोवेग,भाव,जज़बात,जजबात,जज्बात,जज़्बात,चित्तवृत्ति,अंतर्वेग,अन्तर्वेग,संप्रत्यय,अंतर्गति,अन्तर्गति	मन में उत्पन्न होनेवाला भाव या कोई विचार|| मनोभाव पर नियंत्रण करना कठिन होता है ।  /  मन में तरह-तरह के भाव आते हैं । 	மனோபாவம், மனவுணர்வு, மனசம்பந்தம்	மனதில் உருவாகும் எண்ணங்கள் அல்லது உணர்வுகள்||  மனவுணர்வுகளை கட்டுப்பாடு செய்வது கடினம் 	Direct
1040	NOUN	942425	NOUN	Armageddon	"any catastrophically destructive battle; ""they called the first World War an Armageddon"""	महायुद्ध,व्यापक युद्ध,महाभारत,भारत	बहुत बड़ा युद्ध|| आतंकवाद के खिलाफ़ एक महायुद्ध की आवश्यकता है । 	மிகப்பெரியபோர், மிகப்பெரியயுத்தம்	நாடுகளுக்கு இடையில் பெரும் உயிர்சேதத்தையும் அழிவையும் உண்டாக்கும் வகையில் ஆயுதங்களைப் பயன்படுத்தி நடத்தும் சண்டை.||  தீவிரவாத்ததிற்கு எதிராக ஒரு மிகப்பெரியபோர் செய்வது அவசியமாகிறது 	Direct
10400	NOUN	9479363	NOUN	engineer, applied_scientist, technologist	a person who uses scientific knowledge to solve practical problems	अभियंता,अभियन्ता,इंजीनियर,इञ्जीनियर,इंजिनियर	अभियांत्रिकी विद्या का ज्ञाता|| कई भारतीय अभियंता विदेशों में जाकर बस गए हैं । 	பொறியாளர்	இயந்திரம், கட்டிடம் முதலியவற்றை உருவாக்குவதற்கும் பராமரிப்பதற்கும் உரிய தொழில்நுட்பக் கல்வியில் தேர்ச்சி பெற்றவர்||  இந்திய பொறியாளர்கள் வெளிநாட்டில் சென்று வேலைப் பார்க்கின்றனர் 	Direct
10401	NOUN	806811	NOUN	hands, custody	"(with `in' ) guardianship over; in divorce cases it is the right to house and care for and discipline a child; ""my fate is in your hands""; ""too much power in the president' s hands""; ""your guests are now in my custody""; ""the mother was awarded custody of the children"""	अभिरक्षा,अभिरक्षण,अमीनी	किसी संपत्ति को रक्षित रखने के लिए अथवा किसी व्यक्ति को भागने आदि से रोकने के लिए अपने अधिकार या रक्षा में लेकर रखने की क्रिया या भाव|| भरत शाह को तीन महीने तक पुलिस अभिरक्षा में रखा गया था । 	பாதுகாப்பு, காவல், பாதுகாவல்	ஏதாவது ஒரு செல்வத்தை பாதுகாப்பாக வைப்பதற்காக அல்லது ஏதாவது ஒரு நபரை ஓடாமல் தடுப்பதற்காக தன்னுடைய அதிகாரம் அல்லது பாதுகாப்பில் வைக்கும் செயல்||  பரத் சாகை மூன்று மாதங்கள் வரை போலீஸ் பாதுகாப்பில் வைத்தது 	Direct
10403	NOUN	1174076	NOUN	conviction, judgment_of_conviction, condemnation, sentence	"(criminal law) a final judgment of guilty in a criminal case and the punishment that is imposed; ""the conviction came as no surprise"""	अभिशंसा,अभिशंसन,अभिशस्ति,दोषनिश्चय,दोषनिर्णय	वह निर्णय जिसमें अभियुक्त पर दोष सिद्ध हो गया हो|| अभिशंसा के पश्चात् अभियुक्त को चार साल की सजा हो गयी । 	தண்டிக்கப்பட்ட, குற்றத்தின்_உறுதி	ஒன்றில் குற்றவாளி மீது குற்றம் நிரூபிக்கப்பட்டிருக்கும் ஒரு தீர்ப்பு||  குற்றத்தை உறுதி செய்த பின்பு குற்றவாளிக்கு குற்றத்தின் நான்கு ஆண்டுகள் தண்டனை கிடைத்தது 	Direct
10408	NOUN	1084001	NOUN	finance	the commercial activity of providing funds and capital	अर्थव्यवस्था,वित्त व्यवस्था,अर्थ व्यवस्था,आर्थिक प्रबंध,अर्थ-व्यवस्था,इकॉनमी,ईकॉनमी,इकानमी,ईकानमी	पूँजी व्यवस्था की व्यापारिक गतिविधि|| देश की अर्थव्यवस्था चरमरा रही है । 	பொருளாதாரம், நிதி	ஒரு நாட்டின் பொருள் உற்பத்தி, சேவைகள் ஆகியவை ஒட்டுமொத்தமாக உருவாக்கும் வளம்||  நாட்டின் பொருளாதாரம் இறங்கிகொண்டே இருக்கிறது 	Direct
10410	NOUN	9894330	NOUN	economist, economic_expert	an expert in the science of economics	अर्थशास्त्री,अर्थशास्त्रज्ञ,अर्थविद्,अर्थविज्ञानी,अर्थ-विज्ञानी,इकॉनमिस्ट,इकानमिस्ट	वह जो अर्थशास्त्र का ज्ञाता हो|| अमर्त्य सेन एक विश्व प्रसिद्ध अर्थशास्त्री हैं । 	பொருளாதாரநிபுணர்	ஒரு நாட்டின் பொருள் உற்பத்தி, சேவைகள் ஆகியவை ஒட்டு மொத்தமாக உருவாக்கும் வளம் பற்றி தேர்ச்சியும் திறமையும் பெற்றவர்.||  அமர்த்திய சேன் ஒரு உலக புகழ் பெற்ற பொருளாதாரநிபுணர் பணியில் இருக்கிறார் 	Direct
10411	NOUN	13690033	NOUN	semicircle, hemicycle	a plane figure with the shape of half a circle	अर्द्ध-वृत्त,अर्द्ध वृत्त,अर्द्धवृत्त,अर्ध-वृत्त,अर्ध वृत्त,अर्धवृत्त	मध्यबिंदू से समान अंतर पर खिंची हुई गोल रेखा का आधा अंश|| शिक्षिका ने बच्चों को अर्द्ध-वृत्त बनाने के लिए कहा । 	அரைவட்டம்	நடுவிலுள்ள புள்ளிக்கு சமமாக உள்ளேயிருந்து இருக்கப்படும் ஒரு வட்டக்கோடு அல்லது அரைபகுதி||  ஆசிரியை குழந்தைகளை அரைவட்டம் உருவாக்க கூறினர் 	Direct
10413	ADJECTIVE	1820154	ADJECTIVE	interim	"serving during an intermediate interval of time; ""an interim agreement"""	अंतरिम,अन्तरिम,मध्यवर्ती	दो अलग कालों या समय के बीच का|| कर्मचारियों को केन्द्र द्वारा अंतरिम राहत दी गई । 	இடைப்பட்ட	குறிப்பிட்ட இரண்டு இடங்களுக்கு அல்லது காலத்துக்கு நடுவில்  உள்ள.||  தொழிலாளர்களுக்கு மையத்தின் மூலமாக இடைப்பட்ட நிவாரணம் கொடுக்கப்படிருக்கிறது 	Direct
10415	NOUN	7858393	NOUN	minority	a group of people who differ racially or politically from a larger group of which it is a part	अल्पसंख्यक	समाज का वह वर्ग जिसके सदस्यों की संख्या औरों के मुक़ाबले में कम हो|| सरकार अल्पसंख्यकों के विकास के लिए ठोस कदम उठा रही है । 	குறைந்தஎண்ணிக்கைஉடையவர்கள்	போதிய அளவு இல்லாதிருத்தல்||  அரசாங்கம் குறைந்த எண்ணிக்கை உடையவர்களின் வளர்ச்சிக்க்காக திடமான முடிவு எடுத்துக் கொண்டிருக்கிறது 	Direct
31293	NOUN	7858393	NOUN	minority	a group of people who differ racially or politically from a larger group of which it is a part	अल्पसंख्यक वर्ग,अल्पसंख्यकवर्ग	कम गिनती वाली जाति, श्रेणी या समाज|| मध्यप्रदेश की सरकार ने जैन वर्ग को भी अल्पसंख्यक वर्ग में शामिल किया है । 	சிறுபான்மையோர்பிரிவு	குறைந்த எண்ணிக்கைக் கொண்ட சாதி , பிரிவு அல்லது சமூகம்||  மத்தியபிரதேசத்தின் அரசாங்கம் ஜெயினப்பிரிவினரையும் சிறுபான்மையோர் பிரிவில் சேர்த்துவிட்டது 	Direct
10416	ADJECTIVE	603383	ADJECTIVE	subconscious	just below the level of consciousness	अवचेतन,अर्द्धचेतन,अर्धचेतन	जिसमें ठीक या पूरी चेतना न हो|| रोगी कई दिनों से अवचेतन स्थिति में पड़ा है । 	உணர்வில்லாத, உணர்வற்ற	ஒன்றில் சரியாக அல்லது முழு உணர்வு இல்லாதது||  நோயாளி சில நாட்களில் உணர்வில்லாத நிலைக்குச்செல்கிறான் 	Direct
10417	NOUN	5265957	NOUN	thyroid_gland, thyroid	located near the base of the neck	अवटु ग्रंथि,अवटु,अवटु ग्रन्थि,अवटुग्रंथि,अवटुग्रन्थि,गलग्रंथि,गलग्रन्थि,थाइराइड ग्रंथि,थाइराइड ग्रन्थि,थाइराइड,थाइरॉइड ग्रंथि,थाइरॉइड ग्रन्थि,थाइरॉइड,थायरॉयड,थायरायड	गर्दन के आधार पर, स्वरयंत्र के निचले भाग तथा श्वासप्रणाली के ऊपरी भाग के दोनों ओर स्थित एक अंतःस्रावी ग्रंथि || अवटु ग्रंथि थाइरॉक्सीन तथा ट्राइ-आयडोथाइरोनीन को स्रावित करती है । 	தைராய்டு_முடிச்சு	கழுத்தின் அடிப்படையில்,குரல்வளையின் கீழேயுள்ள பாகம் மேலும் சுவாசக்குழாயின் மேல் பாகத்தின் இரண்டு பக்கமும் அமைந்துள்ள ஒரு உள் முடிச்சு||  தைராய்டு முடிச்சு தைராக்சின் மேலும் ட்ரை அயோடோதைனினை கட்டுப்படுத்துகிறது 	Direct
1042	NOUN	948654	NOUN	civil_war	a war between factions in the same country	गृहयुद्ध,गृह-युद्ध,गृह युद्ध,नागर युद्ध,नागर-युद्ध,सिविल वॉर,सिविल वार	वह आपसी युद्ध या लड़ाई जो किसी राष्ट्र के नागरिकों में होती है|| साम्प्रदायिकतावाद गृहयुद्ध का एक मुख्य कारण हो सकता है । 	உள்நாட்டுப்போர், உள்நாட்டுயுத்தம், உள்நாட்டுச்சண்டை	ஒரு நாட்டின் எல்லைகளுக்கு உட்பட்ட பகுதியில் நடைபெறும் பெரும் சண்டை.||  அரசியல்வாதிகள் உள்நாட்டுப்போர் ஏற்பட காரணமாக இருக்கிறார்கள் 	Direct
10420	ADJECTIVE	1260229	ADJECTIVE	adenoidal, pinched, nasal	"sounding as if the nose were pinched; ""a whining nasal voice"""	अनुनासिक	मुँह तथा नाक से बोला जानेवाला|| ण,न आदि अनुनासिक अक्षर हैं । 	மூக்கொலி	ஒலியானது வாய்வழியாக வெளிவராமல் மூக்கின் வழியாக வெளிவருவது||  ங, ஞ முதலியவை மூக்கொலி எழுத்துக்களாகும் 	Direct
10941	ADJECTIVE	1260229	ADJECTIVE	adenoidal, pinched, nasal	"sounding as if the nose were pinched; ""a whining nasal voice"""	नासिक्य	नासिका से उत्पन्न|| म नासिक्य व्यंजन है । 	மூக்கொலி	எழுத்தைக் குறித்து வரும்போது வாயில் தடைபட்டு மூக்கின் வழியாகக் காற்று வெளியேறுவதால் உண்டாகும் மெல்லின எழுத்துகளின் ஒலி||  ம மூக்கொலி உயிர்மெய்யெழுத்து 	Direct
33911	ADJECTIVE	494249	ADJECTIVE	advertised	"called to public attention; ""these advertised products"""	विज्ञापित,इश्तिहारी,इश्तहारी	विज्ञापन या इश्तिहार द्वारा प्रसारित|| विज्ञापित औषध का प्रयोग न करें ।  /  इश्तिहारी दवा का इस्तेमाल करने से पहले डॉक्टर या वैद्य की सलाह अवश्य लें । 	விளம்பரப்படுத்துகிற, விளம்பரப்படுத்தக்கூடிய	விளம்பரம் மூலமாக பரவுகிற||  விளம்பரப்படுத்துகிற  மருந்தைப் பயன்படுத்தாதீர்கள் 	Direct
10422	NOUN	5690822	NOUN	recall, recollection, reminiscence	"the process of remembering (especially the process of recovering information by mental effort); ""he has total recall of the episode"""	अनुस्मरण	भूली हुई बात फिर से याद आ जाने की क्रिया|| बचपन में शिक्षक द्वारा पड़ी मार का अनुस्मरण आते ही उमेश सहम गया । 	நினைவுபடுத்துதல், ஞாபகம்	மறந்து போன விசயத்தை மீண்டும் நினைவுபடுத்தும் செயல்||  குழந்தை பருவத்தில் ஆசிரியர் மூலமாக கிடைத்த அடி ஞாபகம் வந்தவுடன் உமேஷ் பொறுத்துக் கொண்டார் 	Direct
10426	NOUN	9935836	NOUN	fiance, groom-to-be	a man who is engaged to be married	मँगेतर,मंगेतर,वाग्दत्त	जिसके साथ किसी की मँगनी हुई हो|| शीला का मँगेतर विदेश में रहता है । 	விவாகம்	ஆணும், பெண்ணும் கணவன் மனைவியாகும் நிகழ்ச்சி அல்லது சடங்கு.||  ஷீலாவுக்கு விவாகம் செய்யப்பட்டவர் அயல் நாட்டில் இருக்கிறார் 	Direct
10427	NOUN	1227279	NOUN	hunger_strike	a voluntary fast undertaken as a means of protest	अन्नत्याग,अनशन,अनाहार	भोजन न करने की क्रिया|| कुछ लोग अन्नत्याग को बीमारी का उपचार समझते हैं । 	உண்ணாவிரதம்	விரதம் விருப்பமின்மையை காண்பிக்கும் வகையில் இருப்பது||  தொழிலாளர்கள் சில கோரிக்கையை வலியுறுத்தி உண்ணாவிரதம் இருந்தனர். 	Direct
10429	NOUN	14334507	NOUN	immunity, resistance	(medicine) the condition in which an organism can resist disease	रोधक्षमता,असंक्राम्यता	वह अवस्था जिसमें रोग का संक्रमण न हो|| बच्चे रोधक्षमता की कमी के कारण जल्दी बीमार पड़ते हैं । 	எதிர்ப்புசக்தி	உயிரினங்கள் இயற்கையாகவே உடலில் பெற்றிருக்கும் நோயை எதிர்க்கும் திறன்||  குழந்தைகள் எதிர்ப்புசக்தி குறைவின் காரணமாக விரைவில் நோய்க்கு ஆளாகின்றனர் 	Direct
10431	NOUN	3632455	NOUN	liner, lining	a piece of cloth that is used as the inside surface of a garment	अस्तर,मियानतह,मियानतही	वह कपड़ा जो किसी वस्त्र के नीचे लगा रहता है|| इस कोट में लगा अस्तर फट गया है । 	லைனிங்	ஒன்றின் துணி||  இந்த கோட்டில் தைத்திருந்த லைனிங் கிழிந்துவிட்டது 	Direct
10432	NOUN	14101237	NOUN	fracture, break	"breaking of hard tissue such as bone; ""it was a nasty fracture""; ""the break seems to have been caused by a fall"""	फ्रैक्चर,अस्थिभंग,अस्थि-भंग,फ्रेक्चर,रुज,हड्डी टूटना	हड्डी टूट जाने की क्रिया|| सीमा का पैर फ्रैक्चर हो गया है । 	எலும்புமுறிவு	தசையினுள் அமைந்து உடலுக்கு உருவத்தைத் தரும் உறுதியான வெண்ணீறப் பகுதி  உடைதல்||  சீமாவின் காலில் எலும்புமுரிவு ஏற்ப்பட்டது 	Direct
10436	ADJECTIVE	2165923	ADJECTIVE	undenominational	"not bound to devoted to the promotion of a particular denomination; ""undenominational religious instruction"""	असांप्रदायिक	जो सांप्रदायिक न हो|| असांप्रदायिक लोग ही विश्व में शांति बनाए रख सकते हैं । 	இனத்தொடர்பில்லாத, இனத்தொடர்பில்லா_இனத்தொடர்பற்ற, இனசம்பந்தமில்லாத, இனசம்பந்தமற்ற, இனசம்பந்தமில்லா	இனத்தொடர்பில்லாதது||  இனத்தொடர்பில்லாத மக்களே உலகத்தில் அமைதியை நிலைநாட்டுகின்றனர் 	Direct
10438	NOUN	5222547	NOUN	marrow, bone_marrow	the fatty network of connective tissue that fills the cavities of bones	मज्जा,मज्ज,अस्थिमज्जा,अस्थि मज्जा,अस्थिसार,देहसार,चुवा,शुक्रभू	अस्थि गुहाओं में भरा रहने वाला एक मुलायम कार्बनिक पदार्थ|| मज्जा रक्त कणिकाओं का निर्माण करती है । 	மஜ்ஜை	எலும்பு பகுதிகளில் நிறைந்திருக்கிற ஒரு மென்மையான கார்பானிக் பொருள்||  மஜ்ஜை இரத்த செல்களை அமைக்கிறது எலும்புக்குள் இருக்கும் கொழுப்பு 	Direct
10439	NOUN	10493714	NOUN	statistician, mathematical_statistician	a mathematician who specializes in statistics	आँकड़ा शास्त्री,सांख्यिकीविद्	वह गणितज्ञ जो सांख्यिकी में निपुण हो|| मनोहरजी एक प्रसिद्ध आँकड़ा शास्त्री हैं । 	புள்ளிவிவரசாஸ்திரி	எண்ணிக்கை ரீதியில் தரப்படும் விவரம் தருபவர்||  மனோகரி புகழ்பெற்ற ஒரு புள்ளிவரசாஸ்திரி ஆவார். 	Direct
10440	NOUN	9741298	NOUN	calculator, reckoner, figurer, estimator, computer	an expert at calculation (or at operating calculating machines)	आकलक,आगणक,आकलन कर्ता	वह जो आकलन करता हो|| किशोर एक अच्छा आकलक है । 	முன்_மதிப்பீட்டாளர்	முன் மதிப்பீடு செய்யும் ஒருவர்||  கிஷோர் ஒரு நல்ல முன்மதிப்பீட்டாளர் 	Direct
10441	NOUN	7316426	NOUN	emergency, exigency, pinch	"a sudden unforeseen crisis (usually involving danger) that requires immediate action; ""he never knew what to do in an emergency"""	आपात स्थिति,इमर्जन्सी,इमर्जेन्सी	अचानक आया हुआ अनपेक्षित संकट|| हवाई जहाज का इंजन बंद होते ही आपात स्थिति पैदा हो गई । 	ஆபத்தானநிலை, அபாயமானநிலை	இழப்பு அல்லது தீங்கு ஏற்படும் சாத்தியக்கூறு ஏற்படும் சூழல்||  விமான எந்திரம் பழுதடைந்ததால் ஆபத்தானநிலை 	Direct
10442	NOUN	13091403	NOUN	tax_income, taxation, tax_revenue, revenue	government income due to taxation	राजस्व,महसूल,रेवन्यू,रेवनू,रेवेन्यू,माल	कर, शुल्क आदि के रूप में राजा या सरकार को होने वाली आय || कुछ राजा राजस्व से प्रजा के हित का काम करते थे । 	வரி	அரசு நிர்வாகத்திற்காவும் மக்கள் நலத்திட்டங்களுக்காகவும் செலவிட வேண்டியிருப்பதால் அதற்கு ஆகும் செலவை ஈடு கட்டக் குடிமக்களிடமிருந்து அரசு வசுலிக்கும் கட்டணம்||  அரசாங்கம் மக்களிடமிருந்து வரியை வசூலிக்கிறது. 	Direct
19586	NOUN	13520273	NOUN	kroon	the basic unit of money in Estonia	क्रून	स्टोनिया में चलने वाली मुद्रा || क्रून का अवमूल्यन हो रहा है । 	மார்க்கா	ஸ்டோனியாவில் புழக்கத்திலிருக்கக்கூடிய முத்திரை||  அந்த சித்திரத்தின் வலை கிட்டத்தட்ட இருபது மார்க்காக கூறப்படுகிறது 	Direct
10445	NOUN	5091880	NOUN	idealism	impracticality by virtue of thinking of things in their ideal form rather than as they really are	आदर्शवाद,आदर्शवादिता	यह सिद्धांत कि मनुष्य को सदा अपने आदर्श या अच्छी से अच्छी बातें अपने सामने रखकर उनकी सिद्धि या प्राप्ति के लिए सब कार्य करने चाहिए|| हमें अपने जीवन में आदर्शवाद अपनाना चाहिए । 	குறிக்கோள்	மனிதன் எப்பொழுதும் தன்னுடைய நல்ல நல்ல விசயங்களை தன்முன்னே வைத்து அதன் பயனை மனதில் வைத்து அனைத்து காரியங்களையும் செய்யவேண்டும் என்பது இதன் தத்துவம்||  நாம் நம்முடைய வாழ்க்கையில் நல்ல குறிக்கோள்களைத் தன்னுடையதாக்கிக் கொள்ளவேண்டும் 	Direct
10448	NOUN	6096615	NOUN	morphology	studies of the rules for forming admissible words	रूपविज्ञान,पदविज्ञान,आकृतिविज्ञान	भाषा विज्ञान जिसमें रूप या पद का विभिन्न दृष्टियों से अध्ययन किया जाता है|| रूपविज्ञान के तीन प्रकार होते हैं, वर्णात्मक, ऐतिहासिक और तुलनात्मक । 	உருபனியல், சொற்பகுப்பியல்	மொழியியலில் உருபன் அடிப்படையில் மேலும் பிரிக்கமுடியாத சொல்லின் பகுதியை விளக்கும் இயல்||  உருபனியலில் மூன்று வகைகள் இருக்கின்றன 	Direct
10449	NOUN	5999387	NOUN	morphology	the branch of biology that deals with the structure of animals and plants	आकृतिविज्ञान,आकारिकी,रूपविज्ञान	जीवों के रूप एवं रचना का विज्ञान|| उसे आकृतिविज्ञान में रूचि है । 	உருபனியல்	மொழியியலில் உருபன் அடிப்படையில் மேலும் பிரிக்கமுடியாத சொல்லின் பகுதியை விளக்கும் இயல்||  அவனுக்கு உருபனியலில் ஆர்வம் இருக்கிறது 	Direct
1045	NOUN	7413685	NOUN	peace, peacefulness, peace_of_mind, repose, serenity, heartsease, ataraxis	the absence of mental stress or anxiety	शांति,शान्ति,निरुद्विग्नता,अमन,अनुद्वेग,अक्षोभ,अनुद्धर्ष,शांतता,शान्तता,अनाकुलता,इतमीनान,इत्मीनान	मन की वह अवस्था जिसमें वह क्षोभ, दुख आदि से रहित हो जाता है या शांत रहता है|| योग शांति प्राप्ति का एक साधन है । 	அமைதி, சாந்தம், பொறுமை	சத்தமோ பேச்சோ இல்லாத நிலை||  யோக மையம் ஓர் அமைதியான இடம் 	Direct
10452	NOUN	13552648	NOUN	divisor, factor	"one of two or more integers that can be exactly divided into another integer; ""what are the 4 factors of 6?"""	गुणनखंड,फैक्टर	दी हुई संख्या को विभाजित करनेवाली संख्या|| बारह के गुणनखंड दो,तीन,चार और छः हैं । 	பேக்டர்ஸ், factors	கொடுக்கப்படுகிற எண்ணிக்கையினால் பிரிக்கப்படும் எண்ணிக்கை||  பன்னிரண்டின் factors இரண்டு, மூன்று, நான்கு மற்றும் ஆறு இருக்கின்றன 	Direct
10454	NOUN	1055262	NOUN	self-denial, self-discipline, self-control	the act of denying yourself; controlling your impulses	आत्मानुशासन,स्वानुशासन	ख़ुद पर लगाया हुआ अनुशासन|| आत्मानुशासन द्वारा ही दुर्व्यसनों से छुटकारा पाया जा सकता है । 	சுயக்கட்டுப்பாடு	தன்மேல் தனக்குத்தானே வைத்துக்கொள்ளும் கட்டுப்பாடு||  சுயக்கட்டுப்பாடு வாயிலாக தீய செயல்களிலிருந்து விடுபட முடிகிறது 	Direct
10455	NOUN	10044606	NOUN	idealist, dreamer	someone guided more by ideals than by practical considerations	आदर्शवादी	वह जो आदर्शवाद को मानता और उसके अनुसार चलता हो|| आजकल आदर्शवादी कम ही मिलते हैं । 	லட்சியவாதி	குறுப்பிட்ட லட்சியத்தோடு இருப்பவர் அல்லது உயர்ந்த லட்சியம் உடையவர்||  இப்பொழுது லட்சியவாதிகள் குறைவாகவே இருக்கின்றனர் 	Direct
1046	NOUN	9398864	NOUN	goddess	a female deity	देवी,देवांगना,देवाङ्गना,देवेशी,सुरांगना,सुराङ्गना,अमरी,सुरनारी	महिला देवता या देवता की स्त्री || सती अनसूया ने देवी सरस्वती, लक्ष्मी और पार्वती का घमंड तोड़ने के लिए ब्रह्मा, विष्णु और महेश को बालक बना दिया था । 	பெண்தெய்வம், பெண்கடவுள்	உலகம், உயிர் ஆகியவற்றின் தோற்றத்துக்குக் காரணமாகக் கருதப்படும் மனித ஆற்றலால் அறிய முடியாதபடி இருப்பதாக நம்பப்படும் மேலான பெண் சக்தி.||  ஆதிபரசக்தி ஒரு பெண்தெய்வம் ஆகும் 	Direct
18525	NOUN	9398864	NOUN	goddess	a female deity	देवी	दैवीय गुणों एवं शक्तियों से परिपूर्ण पौराणिक स्त्री || हमारे कुल की देवी का नाम बंजारी देवी है । 	தேவி	தெய்வீக குணங்கள் மற்றும் சக்திகளால் நிரம்பிய புராணகாலப் பெண்||  நம்முடைய குல தேவியின் பெயர் பஞ்சாரி ஆகும் 	Direct
16386	NOUN	9398864	NOUN	goddess	a female deity	मनसादेवी,मनसा,विषधात्री,विषहरी,विषहरा,पद्मा,पद्मादेवी,नागमाता,नित्या	एक देवी जो पुराणानुसार जरत्कारु मुनि की पत्नी,आस्तीक की माता, कश्यप की पुत्री और बासुकी की बहन थी|| मनसादेवी साँपों के कुल की अधिष्ठात्री मानी जाती हैं । 	மன்சாதேவி	ஒரு தேவி||  மன்சாதேவி பாம்புகள் குலத்தின் இஷ்ட தேவதையாக கருதப்படுகிறது 	Hypernymy
7795	NOUN	9398864	NOUN	goddess	a female deity	रति,मन्मथप्रिया,रति देवी,रेवा,शुभांगी,रागलता,रती	कामदेव की पत्नी|| रति बहुत रूपवती मानी गयी हैं । 	ரதிதேவி	காமதேவனின் மனைவி||  ரதிதேவி மிகவும் அழகானவளாக கருதப்படுகிறது 	Hypernymy
7010	NOUN	9398864	NOUN	goddess	a female deity	प्रीति,कामदेवी	कामदेव की दूसरी पत्नी|| कामदेव प्रीति से ज्यादा रति के प्रिय थे । 	காமதேவி, பிரீத்தி	காமதேவனின் இரண்டாவது மனைவி||  காமதேவன் காமதேவியை விட ரதியின் மீது அதிகம் பிரியம் வைத்திருந்தான் 	Hypernymy
8196	NOUN	9398864	NOUN	goddess	a female deity	सती,दक्षजा,दक्ष सुता,दाक्षायणी	दक्ष प्रजापति की कन्या|| सती का विवाह भगवान शिव के साथ हुआ था । 	தாட்சாயணி, பார்வதி, தக்கன்றன்_குமாரி, தக்ஷன்_புத்திரி	தட்சனின் மகள்||  தாட்சாயணியின் திருமணம் கடவுள் சிவனுடன் நடந்தது 	Hypernymy
14079	NOUN	9398864	NOUN	goddess	a female deity	सिद्धि	गणेश की दो पत्नियों में से एक || कहा जाता है कि सिद्धि हर प्रकार की सिद्धियाँ देती हैं । 	சித்தி	சித்தி||  சித்தியை வழிப்பட்டால் எல்லா நன்மைகளுக்கும் வழிவகுப்பாள். 	Hypernymy
23927	NOUN	9398864	NOUN	goddess	a female deity	शक्ति	किसी विशिष्ट देवता का पराक्रम या बल जो उसकी पत्नी के रूप में माना जाता है || गौरी शिव की तथा लक्ष्मी विष्णु की शक्ति हैं । 	பலம், சக்தி	செயல் செய்வதற்கான ஆற்றல்||  தன்னுடைய பலம் தெரியாமலேயே சுந்தர் இவ்வளவு நாள் இருந்து விடு_த்த்_. 	Hypernymy
8534	NOUN	9398864	NOUN	goddess	a female deity	शची,शचि,इंद्राणी,इन्द्राणी,पौलोमी,इंद्रा,इन्द्रा,देवरानी,पुलोमजा,श्वेतौही,ऐंद्राणी,ऐंद्री,ऐन्द्राणी,ऐन्द्री,मघोनी,महेंद्री,महेन्द्री,माहेंद्री,माहेन्द्री,वासवी,शक्राणी,मंजुनाशी,शाक्री,दिवरानी,पूतक्रतायी,वृषाकपायी,मघवत	देवराज इंद्र की पत्नी|| शची पुलोमा की पुत्री हैं । 	சசி, தேவராணி, இந்திராணி, இந்திரா, வாசவி, அயிராணி, சுந்தரி, ஐந்தருச்_செல்வி, புலோமசை	தேவராஜன் இந்திரனின் மனைவி||  சசி புலோமாவின் புத்திரி ஆகும் 	Hypernymy
791	NOUN	9398864	NOUN	goddess	a female deity	इष्टदेवी,कुलदेवी,इष्ट देवी,कुल देवी,अधिदेवी,अधिष्ठात्री देवी	वह देवी जिसकी पूजा किसी कुल में परम्परा से होती आई हो|| माँ दुर्गा हमारी इष्ट देवी हैं । 	குலதெய்வம், குலசாமி, குல_தேவதை, இஷ்டதெய்வம், குலமுதல், தொழுகுலம், வழித்தெய்வம், குடிதாங்கி, குடித்தெய்வம்	ஒரு வம்சத்தில் பரம்பரைகள் பூஜிக்கும் ஒரு தெய்வம்||  தாய் துர்க்கை நம்முடைய குலதெய்வம் ஆகும் 	Hypernymy
1297	NOUN	9398864	NOUN	goddess	a female deity	शीतला,चेचक माई,शीतला देवी,शीतला माता,शीतला माँ,माँ शीतला,शीतला मां,मां शीतला,माता,गर्दभवाहिनी	चेचक रोग की अधिष्ठात्री देवी|| वह शीतला की पूजा में लीन है । 	சீதலா_தேவி	பெரியம்மை நோயின் இஷ்ட தெய்வம்||  அவன் சீதலா தேவியின்  பூசையில் மூழ்கியிருக்கிறான் 	Hypernymy
8104	NOUN	9398864	NOUN	goddess	a female deity	छठी,षष्ठी,छठी माँ,छठी माई,षष्ठी माता	एक देवी जिनका पूजन छठी के अवसर पर किया जाता है|| बिहार में छठी की पूजा बड़े धूम-धाम से की जाती है । 	சஷ்டி, பெண்_தெய்வம்	சஷ்டி என்று அழைக்கப்படும் ஒரு பெண் தெய்வம்||  ராதா சஷ்டியை வணங்கினாள். 	Hypernymy
7587	NOUN	9398864	NOUN	goddess	a female deity	महाविद्या	तंत्रोक्त दस देवियाँ|| काली, तारा, षोडषी, भुवनेश्वरी, भैरवी, छिन्नमस्ता, धूमावती, बगलामुखी, मातंगी और कमलात्मिका ये दस महाविद्याएँ हैं । 	பெண்தெய்வங்கள்	தாந்த்ரோக்த பத்து தேவிகள்||  காளி, தாரா, சோடசி, புவனேஸ்வரி, பைரவி, சின்னமஸ்தா,தூமாவதி, பக்லாமுகி, மாதங்கி மற்றும் கமலாம்பிகை இந்த பத்தும் பெண்தெய்வங்கள் ஆகும் 	Hypernymy
5960	NOUN	9398864	NOUN	goddess	a female deity	तारा देवी,तारा	दस महाविद्याओं में से एक|| पौराणिक कहानियों में तारा देवी का वर्णन मिलता है । 	தாராதேவி	தாராதேவி||  பழங்கால வரலாற்றில் தாராதேவியின் வர்ணனைகள் காணப்படும். 	Hypernymy
7583	NOUN	9398864	NOUN	goddess	a female deity	मातृका	तांत्रिकों की ब्राह्मी आदि सात देवियाँ|| श्मशान में तांत्रिक मातृका की पूजा कर रहा है । 	தாந்த்ரீகர்களின்_ஏழு_பெண்_தெய்வங்கள்	தாந்த்ரீகர்களின் ஏழு பெண் தெய்வங்கள்||  தாந்த்ரீகன் ஏழு பெண் தெய்வங்களை வழிபடுகிறான். 	Hypernymy
13847	NOUN	9398864	NOUN	goddess	a female deity	त्रिपुरा	एक देवी|| तांत्रिक त्रिपुरा की आराधना कर रहा है । 	திரிபுரா	ஒரு தேவி||  தாந்திரிகர் திரிபுராவை ஆராதனை செய்துக் கொண்டிக்கிறார் 	Hypernymy
14327	NOUN	9398864	NOUN	goddess	a female deity	अंबिका,अम्बिका	जैनियों की देवी|| सीमा अंबिका को पूजती है । 	அம்பிகா	ஜெயினர்களின் தேவி||  சீமா அம்பிகாவை பூஜிக்கிறாள் 	Hypernymy
18510	NOUN	9398864	NOUN	goddess	a female deity	बामकी	एक देवी|| बामकी की पूजा जादूगर लोग करते हैं । 	பாமகி	ஒரு தேவி||  பாமகியின் பூசையை மந்திரவாதி மக்கள் செய்கின்றனர் 	Hypernymy
23576	NOUN	9398864	NOUN	goddess	a female deity	मीनाक्षी,मीनाक्षी देवी	एक देवी || चेन्नई के पास मीनाक्षी का बहुत बड़ा और प्रसिद्ध मंदिर है । 	மீனாட்சி	ஒரு தேவி||  சென்னை அருகே பிரசித்திப்பெற்ற மீனாட்சி கோவில் ஒன்று உள்ளது. 	Hypernymy
10460	NOUN	13146343	NOUN	import_duty	a duty imposed on imports	आयात-कर,आयातकर,आयात कर	आयात पर लगने वाला कर|| आयात वस्तुओं का मूल्य आयात-कर से प्रभावित होता है । 	இறக்குமதி	வெளிநாட்டிலிருந்து பொருட்களை பெறும் அல்லது வரவழைக்கும் நடவடிக்கை||  இறக்குமதி செய்த பொருட்களின் மதிப்பு இறக்குமதியினால் பாதிப்படைகிறது 	Direct
19213	NOUN	9573757	NOUN	Icelander	a native or inhabitant of Iceland	आइसलैंडी,आइसलैंडवासी,आइसलैण्डी,आइसलैण्डवासी	आइसलैंड का निवासी || उस संगोष्ठी में एक आइसलैंडी ने भी भाग लिया था । 	ஐஸ்லாந்துவாசி	ஐஸ்லாந்தில் வசிப்பவன்||  அந்த சுங்கோட்டியில் ஒரு ஐஸ்லாந்துவாசியும் கூட பங்கெடுத்துக் கொண்டார் 	Direct
10462	NOUN	9796760	NOUN	commissioner	a government administrator	आयुक्त,कमीश्नर,कमिश्नर,कमिशनर	मंडल का प्रधान शासनिक अधिकारी|| श्याम के पिताजी आयुक्त हैं । 	ஆணையர்	குறுப்பிட்ட சில அரசுத்துறைகளில் தலைமைப் பொறுப்பு வகிக்கும் அதிகாரி||  சியாமின் தந்தை காவல்துறை ஆணையர் 	Direct
10467	ADJECTIVE	623643	ADJECTIVE	perennial, recurrent, repeated	"recurring again and again; ""perennial efforts to stipulate the requirements"""	आवर्तक,आवर्ती,आवर्त्तक,आवर्त्ती	कुछ निश्चित समय पर बार-बार होनेवाला|| बैंकों में आवर्तक खाते खोलने की सुविधा होती है । 	சங்கீத-காவியம்	இசை காப்பியம்||  ராமசந்திர மானஸ் ஒரு பாடல் காவியம் ஆகும் 	Direct
23465	ADJECTIVE	623643	ADJECTIVE	perennial, recurrent, repeated	"recurring again and again; ""perennial efforts to stipulate the requirements"""	दोहराया,दुहराया,पुनरुक्त	दोहराया हुआ || दोहराया पाठ मुझे कंठस्थ हो गया है । 	திரும்பத்திரும்பச்செய்தலான	ஒரு செயலை அதிக முறை செய்தல்||  திரும்பத் திரும்பச்படித்தால் எனக்கு மனப்பாடம் ஆகி விட்டது 	Direct
1047	ADJECTIVE	585091	ADJECTIVE	dependent, dependant, qualified	contingent on something else	आश्रित,अवलंबित,आलंबित,अवलम्बित,आलम्बित,निर्भर,आधारित,आधृत,अवलंबी,अवलम्बी,हैतुक,मुनहसर,मनहसर,अवष्टबध,निघ्न,आधारी	किसी के आधार, सहारे या आश्रय पर ठहरा या टिका हुआ|| परजीवी पौधे दूसरे पौधों पर आश्रित होते हैं । 	சார்ந்த, சார்ந்துள்ள	குறிப்பிட்ட ஒன்றுடன் சம்பந்தப்பட்ட அல்லது தொடர்புடைய.||  சாறுண்ணிகள் மற்ற தாவரங்களை சார்ந்த நிலையில் வாழ்கின்றன 	Direct
10470	NOUN	9863809	NOUN	dietician, dietitian, nutritionist	a specialist in the study of nutrition	आहारविद्,आहार-विशेषज्ञ,आहार विशेषज्ञ,आहार-विज्ञानी,आहार विज्ञानी,आहारविज्ञानी,पोषणविद्,डाइटीशियन,डायटीशियन,डाइटिशियन	वह जो पोषण या आहार विज्ञान का विशेषज्ञ हो या जिसने आहार-विज्ञान मे ज्ञान प्राप्त किया हो और जो लोगों को यह सलाह देता हो कि उन्हें स्वस्थ रहने के लिए किस प्रकार के आहार कितनी मात्रा में खाना चाहिए|| अंजली मुखर्जी मानी हुई आहारविद् हैं । 	உணவுஆலோசகர்	மனிதர்கள்,விலங்குகள் போன்றவை உயிர்வாழ்வதகாக எடுத்துக் கொள்ளும் சத்துக்களைப் பற்றி வல்லுநராக இருந்து ஆலோசனை கூறுபவர்.||  அஞ்சலி முகர்ஜி ஒரு சிறந்த உணவு ஆலோசகர் ஆவார். 	Direct
10475	NOUN	6136820	NOUN	leftism	the ideology of the political left; belief in or support of the tenets of the political left	वामपंथ,वामपन्थ,वामपक्ष,वाम-पंथ,वाम-पन्थ,वाम-पक्ष,वाम पंथ,वाम पन्थ,वाम पक्ष,वाममार्ग,वाम-मार्ग,वाम मार्ग	किसी विषय में बहुत उग्रमत रखनेवालों का सिद्धांत|| मनोज ने वामपंथ अपना लिया है । 	அரசியல்_இடதுசாரி	அரசியலில் தொழிலாளர் வர்க்க உரிமைகளையும் பொதுவுடமைத் தத்துவங்களையும் ஆதரிக்கும் போக்கு||  மனோஜ் அரசியல் இடதுசாரியை தன்னுடைதாக்கிக் கொண்டான் 	Direct
10476	NOUN	7968657	NOUN	flying_squad	a mobile group of trained people (police or executives or officials) able to move quickly in the case of emergencies	उड़नदस्ता,उड़ाका दल,फ्लाइंग स्क्वॉड	प्रशिक्षित लोगों का वह वर्ग जो गतिशील होता है तथा संकट की स्थिति में जल्द से जल्द घटना स्थल पर पहुँच जाता है|| सरकार ने बाढ़ग्रस्त इलाके में तुरन्त उड़नदस्ता भेजा । 	பிளையிங்_ஸ்குவார்டு	நடவடிக்கையை இருக்கும் மேலும் சங்கடத்தை நிலைமையில் உடனே உடனே(விரைவாக) நிகழ்ச்சி நடந்த இடத்தினை அடையும் பயிற்சி பெற்ற ஒரு பிரிவு||  அரசாங்கம் வெள்ளத்தால் பாதிக்கப்பட்ட இலாகாவிற்கு உடனே பிளையிங் ஸ்குவார்டு அனுப்பினார் 	Direct
10478	NOUN	3686351	NOUN	masterpiece, chef-d' oeuvre	the most outstanding work of a creative artist or craftsman	सर्वोत्कृष्ट कृति,सर्वोत्कृष्ट रचना,सर्वोत्तम कृति,सर्वोत्तम रचना,मास्टर पीस,मास्टरपीस	किसी सृजनात्मक कलाकार, रचनाकार या दस्तकार की अति उत्तम रचना|| गीतांजलि रवींद्र नाथ की सर्वोत्कृष्ट कृति है ।  /  ताजमहल एक सर्वोत्तम कृति है । 	அற்புதமான_கலைநயம், அற்புதமான_கைத்திறன்	கலை நயம் அல்லது கைத்திறனில் உச்சத்தை எட்டியுள்ள விஷயம்||  சிற்பிகளின் அற்புதமான கைத்திறன் தான் மாமல்லபுரம் சிற்பம். 	Direct
1048	NOUN	10495296	NOUN	stepmother	the wife of your father by a subsequent marriage	सौतेली माँ,सौतेली माता,दुमाता,विमाता,मतेई,मैभा,मैभा महतारी,मातृका,मातृसपत्नी,मातृगंधिनी,धन्या	माता की सौत|| राम की सौतेली माँ एक धर्मपरायण महिला हैं । 	மாற்றாந்தாய்	இறந்து போன தாயின் இடத்தில் இருக்கும் தந்தையின் இளைய தாரம்.||  இராமுவின் மாற்றாந்தாய் நல்லகுணம் உடையவள் 	Direct
10480	NOUN	13303535	NOUN	evolution, organic_evolution, phylogeny, phylogenesis	(biology) the sequence of events involved in the evolutionary development of a species or taxonomic group of organisms	क्रम विकास,उत्क्रांति,ईवल्युशन	क्रमशः उत्तमता या पूर्णता की ओर प्रवृत्ति|| बंदर का क्रम विकास मनुष्य के रूप में हुआ । 	முன்னேற்றம், வளர்ச்சி, மேம்பாடு	இருக்கும் நிலையைவிட மேலான நிலை அல்லது உயர்ந்த நிலை||  மனிதனின் முன்னேற்றம் குரங்கின் வடிவிலிருந்து வந்தது 	Direct
10484	ADJECTIVE	564022	ADJECTIVE	convex, bulging	curving or bulging outward	उत्तल,उन्नतोदर	जिसका आकार उल्टे कटोरे की तरह हो|| निकट दृष्टि दोष दूर करने के लिए उत्तल लेंस का प्रयोग किया जाता है । 	குவி	ஒன்றினுடைய வடிவம் தலைகீழாகவும் கோப்பை போல இருப்பது||  கிட்டப்பார்வையை போக்குவதற்கு குவி லென்சு பயன்படுத்தப்படுகிறது 	Direct
10485	NOUN	5087109	NOUN	productiveness, productivity	the quality of being productive or having the power to produce	उत्पादिता,उत्पादिकता	उत्पादन-संबंधी कार्य क्षमता|| भारत में अनाज की उत्पादिता पहले से बढ़ी है । 	விளைச்சல்	பயிர்கள் விளைதல் அல்லது விளைந்து கிடப்பது||  இந்தியாவில் தானியத்தின் விளைச்சல் தொடக்கத்திலிருந்தே அதிகமாக இருந்தது 	Direct
10487	NOUN	63149	NOUN	ennoblement	the act of raising someone to the nobility	उदात्तीकरण	उदात्त स्वरूप प्रदान करने की क्रिया या भाव|| वर्तमान सरकार की उदात्तीकरण की नीति से जनता खुश है । 	மேம்படுத்துதல், உயர்வடைதல்	இருக்கும் நிலையைவிட உயர்வான அல்லது சிறப்பான நிலையை அடையச் செய்தல்||  தற்போதுள்ள அரசாங்கத்தின் வளர்ச்சியினால் மக்கள் மகிழ்ச்சியாக இருந்தனர் 	Direct
10488	NOUN	10590310	NOUN	vice_chancellor	a deputy or assistant to someone bearing the title of chancellor	उपकुलपति,उप-कुलपति,उप कुलपति,वाइस चांसलर	वह व्यक्ति जो किसी विश्वविद्यालय का उपप्रधान हो|| छात्र नेताओं ने उपकुलपति से मिलकर अपनी समस्याएँ बतायीं । 	துணைவேந்தர்	ஏதாவது ஒரு பல்கலைக்கழகத்தை  மேற்பார்வை செய்யும் உயர் அதிகாரத்தில் இருக்கும் ஒரு நபர்||  மாணவத் தலைவன் துணைவேந்தரை சந்தித்து தன்னுடைய பிரச்சனைகளை கூறினார் 	Direct
1049	ADJECTIVE	1002071	ADJECTIVE	disloyal	"deserting your allegiance or duty to leader or cause or principle; ""disloyal aides revealed his indiscretions to the papers"""	अनिष्ठ,निष्ठाहीन,निष्ठारहित	जिसमें निष्ठा न हो|| सोहन एक अनिष्ठ व्यक्ति है । 	நம்பிக்கையில்லாத, நம்பிக்கையற்ற நம்பிக்கைஇல்லாத, அவநம்பிக்கையான	தனக்கு உகந்த முறையிலோ நன்மை தரும் வகையிலோ ஒருவர் நடந்து கொள்வார் அல்லது ஒன்று நிகழும் என்ற உறுதியான எண்ணம் இல்லாத தன்மை.||  சோஹன் ஒரு நம்பிக்கையில்லாத மனிதன் 	Direct
10490	NOUN	10047112	NOUN	immigrant	a person who comes to a country where they were not born in order to settle there	प्रवासी,आप्रवासी,अप्रवासी,मुजाहिर	वह जो विदेश में जाकर बस गया हो|| भारत सरकार ने कुछ प्रवासियों को भारतीय नागरिकता प्रदान की है । 	அயல்நாட்டுவாசி	வெளிநாட்டில் வசிப்பவர்.||  இந்திய அரசாங்கம் சில அயல்நாட்டுவாசிகளை இந்திய குடிமகனாகும் அங்கீகாரம் கொடுத்திருக்கிறது 	Direct
10492	NOUN	5177659	NOUN	epidermis, cuticle	the outer layer of the skin covering the exterior body surface of vertebrates	बाह्यत्वचा	त्वचा की बाहरी परत|| मनुष्य की बाह्यत्वचा पर छोटे-छोटे छिद्र पाए जाते हैं । 	வெளித்தோல், மேற்புறத்தோல்	மனித உடலில் உள்ள தோலின் வெளிப்புற அடுக்கு||  மனிதனின் வெளித்தோலில் சிறிய - சிறிய துளைகள் காணப்படுகின்றன 	Direct
10493	NOUN	13096459	NOUN	subsidy	"a grant paid by a government to an enterprise that benefits the public; ""a subsidy for research in artificial intelligence"""	उपदान,सबसिडी,सब्सिडी,सहायिकी	सरकार द्वारा दिया गया वह अनुदान जो आम जनता के कल्याण हेतु हो|| मिट्टी तेल,पेट्रोल,डीज़ल आदि पर उपदान मिलता है । 	மானியம்	ஒரு பொருள் கட்டுப்படிம்படியாகும் விலையில் நுகர்வோருக்கு கிடைப்பதற்காகப் பொருளின் விலையில் ஒரு பகுதியை உற்பத்தியாளருக்கு அரசு கொடுக்கும் தொகை||  மண்ணெண்ணெய், பெட்ரோல், டீசல் முதலியவற்றினால் மானியம் கிடைக்கிறது 	Direct
10495	NOUN	179707	NOUN	by_election, bye_election	a special election between regular elections	उपचुनाव,उपनिर्वाचन	किसी स्थान,पद,सदस्यता आदि के लिए होनेवाला वह निर्वाचन जो किसी सत्र की अवधि पूरी होने से पहले,किसी विशेष कारण से किसी स्थान के रिक्त हो जाने पर उसकी पूर्ति के लिए होता है|| मंत्रीजी की मृत्यु के बाद उनके निर्वाचन क्षेत्र में उपचुनाव कराया गया । 	by_-_election	ஒருவரின் காலகட்டத்திற்கு பின்போ,முன்போ ஏதாவது ஒரு முக்கிய காரணத்தினால் ஏதாவது ஒரு இடத்தில் நின்று போவதால் அதை பூர்த்தி செய்ய இருக்கும் ஒரு இடம்||  மந்திரிஜி இந்த பின்பு அவருடைய தேர்தல் இடத்தால்  by - election வைக்கப்படுகிறது 	Direct
10496	NOUN	8211871	NOUN	subcommittee	a subset of committee members organized for a specific purpose	उपसमिति,सब-कमेटी	किसी समिति के अन्तर्गत बनी हुई समिति|| किसी-किसी समिति के अंदर कई-कई उपसमितियाँ होती हैं । 	துணைக்குழு	ஒரு செயலை நிறைவேற்றுவதற்கு ஒரு குறிப்பிட்ட பணிக்காக அல்லது நோக்கத்துக்காகப் பலர் சேர்ந்து ஒன்றாக இயங்கும் அமைப்பு.||  ஒவ்வொரு குழுவிலும் பல துணைக்குழுக்கள் உள்ளன 	Direct
10497	NOUN	10590549	NOUN	vice_president, V.P.	an executive officer ranking immediately below a president; may serve in the president' s place under certain circumstances	null	null	துணைஜனாதிபதி, உபஜனாதிபதி, துணைக்_குடியரசுத்தலைவர்	குடியரசுத்தலைவருக்கு உதவியாக இருக்கும் நபர்||  ஜனாதிபதி இல்லாத சூழ்நிலையில் துணைஜனாதிபதி அவருடைய அனைத்து செயல்களையும் செய்கிறார் 	Direct
1784	NOUN	10590549	NOUN	vice_president, V.P.	an executive officer ranking immediately below a president; may serve in the president' s place under certain circumstances	उप राष्ट्रपति,उपराष्ट्रपति,वाइस-प्रेसिडेंट,वाइस-प्रेसिडेन्ट,वाइस प्रेजिडेंट,वाइस प्रेजिडेन्ट	राष्ट्रपति का सहायक जो उनके कार्यों में सहायता करे या उनकी अनुपस्थिति में उनके कार्यों की देख-रेख करे|| राष्ट्रपति की अनुपस्थिति में उप राष्ट्रपति का दायित्व बढ़ जाता है । 	துணைகுடியரசுதலைவர்	குடியரசுதலைவருக்கு துணையாக இருபவர்.||  சுதந்திர தினத்தன்று துணைகுடியரசுதலைவர் கொடி ஏற்றினார் 	Direct
1785	NOUN	10590549	NOUN	vice_president, V.P.	an executive officer ranking immediately below a president; may serve in the president' s place under certain circumstances	उपसभापति,उपप्रधान,उप सभापति,उप प्रधान,वाइस-प्रेसिडेंट,वाइस-प्रेसिडेन्ट,वाइस प्रेजिडेंट,वाइस प्रेजिडेन्ट	किसी संस्था का वह अधिकारी जिसका पद सभापति के उपरांत या उससे छोटा, पर मंत्री से बड़ा होता है और जो सभापति की अनुपस्थिति में उसके सब कार्य करता है|| इस संस्था के उप सभापति पंडित रमाशंकर जी हैं । 	துணைஅவைத்தலைவர்	அவைத்தலைவருக்கு துணையாக இருப்பவர்.||  இந்த நிறுவனத்தின் துணைஅவைத்தலைவர் ராமசங்கர்ஜி பண்டித் ஆவார் 	Direct
105	NOUN	6600193	NOUN	consent	"permission to do something; ""he indicated his consent"""	अनुमति,अनुज्ञा,अभिमति,आज्ञा,इजाज़त,इजाजत,स्वीकृति,रज़ा,रजा,परवानगी,अभ्यनुज्ञा,परमिशन,रुखसत,रुख़सत,रुख्सत,रुख़्सत	कोई काम करने से पहले उसके संबंध में बड़ों से मिलने या ली जाने वाली स्वीकृति जो बहुत-कुछ आज्ञा के रूप में होती है|| बड़ों की अनुमति के बिना कोई भी काम नहीं करना चाहिए । 	அனுமதி, இசைவு	ஒருவர் ஒன்றைச் செய்வதற்கு அளிக்கும் சம்மதம்.||  பெரியவர்களின் அனுமதி இல்லாமல் எந்த வேலையும் செய்ய வேண்டாம் 	Direct
1050	NOUN	9864298	NOUN	digger	a laborer who digs	खनिक,खनक,बेलदार,औंड़	मिट्टी खोदनेवाला मजदूर|| खनिक फावड़ा लेकर काम पर निकल पड़ा । 	நிலம்_தோண்டுபவன், நிலத்தை_அகழ்பவன்	மண்ணை தோண்டக்கூடிய தொழிலாளி||  நிலம் தோண்டுபவன் மண்வெட்டி எடுத்து வேலையில் ஈடுபட்டான் 	Direct
10500	NOUN	13865290	NOUN	fertility, fecundity	the state of being fertile; capable of producing offspring	उर्वरता,उपजाऊपन	उर्वर होने की अवस्था या भाव|| देशी तथा रासायनिक खादों का उपयोग करने से मिट्टी की उर्वरता बढ़ जाती है । 	வளம்	வளம் இருக்கும் நிலை அல்லது தன்மை||  தேசம் மேலும் ரசாயண விரல்களைப் பயன்படுத்துவதால் மண்ணின் வளம் அதிகரிக்கிறது 	Direct
10505	NOUN	9770515	NOUN	chief_justice	the judge who presides over a supreme court	मुख्य न्यायाधीश,मुख्यन्यायाधीश,चीफ जस्टिस	उच्च तथा उच्चतम न्यायालय का प्रधान निर्णायक या न्यायाधीश|| उच्चतम न्यायालय के पैंतीसवे मुख्यन्यायाधीश रमेशचंद्र लाहोती सादगी की मूर्ति हैं । 	தலைமைநீதிபதி	நீதிமன்றத்தில் வழக்கின் இரு தரப்பு வாதங்களையும் கேட்டறிந்து தீர்ப்பு வழங்குபவர்.||  என்னுடைய அப்பா ஒரு தலைமைநீதிபதி 	Direct
10506	NOUN	4183023	NOUN	skylight, fanlight	a window in a roof to admit daylight	रोशनदान,झरोखा	दीवार के ऊपरी भाग में प्रकाश आने के लिए बना छेद|| रोशनदान पर एक बड़ी छिपकली बैठी है । 	மேற்ஜன்னல்	சுவரின் மேல் பகுதியில் ஒளி வருவதற்காக செய்த துவாரம்.||  மேற்ஜன்னலில் ஒரு பெரிய பல்லி அமர்ந்திருக்கிறது 	Direct
3227	NOUN	4183023	NOUN	skylight, fanlight	a window in a roof to admit daylight	झरोखा,झँझरी,झंझरी,दरीचा,गवाक्ष,वातायन,झाँकी,मूषा	वायु और प्रकाश आने के लिए दीवारों में बना हुआ जालीदार बड़ा छेद|| घर को हवादार बनाने के लिए उसने प्रत्येक कमरे में झरोखा लगवाया है । 	சாளரம், பலகணி	பலகணி||  வீட்டில் காற்று நன்றாக வருவதற்காக சாளரம் ஒவ்வொரு அறையிலும் வைத்திருக்கிறான் 	Direct
10507	NOUN	6561929	NOUN	guidance, counsel, counseling, counselling, direction	something that provides direction or advice as to a decision or course of action	उपबोधन,काउन्सलिंग	परामर्श देने की क्रिया|| विद्यालय में काउन्सलिंग के समय सभी नये विद्यार्थी उपस्थित थे । 	கலந்தாய்வு	உயர் கல்வி நிறுவனத்தில் சேருவதற்கு அல்லது அரசு துறையில் இடமாற்றம் பெறுவதற்கு ஒற்றைச் சாளர முறையில் ஒதுக்கீடு செய்ய நடத்தப்படும் கூட்டம்||  பள்ளியில் கலந்தாய்வின் சமயம் அனைத்து புதிய மாணவர்களும் சேர்க்கப்படுகின்றனர் 	Direct
10508	NOUN	14502011	NOUN	subsoil, undersoil	the layer of soil between the topsoil and bedrock	उपभूमि	भूमि के ऊपरी तथा नीचे पायी जानेवाली चट्टानों के बीच की परत|| बड़े-बड़े पेड़ों की जड़ें उपभूमि से होकर चट्टानों तक पँहुच जाती हैं । 	உபபூமி	பூமிக்கு மேல் மேலும் கீழே காணப்படுகிற பாறைகளின் இடையில் உள்ள அடுக்கு||  பெரிய - பெரிய மரங்களின் வேர்கள் உபபூமியிலிருந்து பாறைகள் வரை வந்தடைகிறது 	Direct
10510	NOUN	6451291	NOUN	bylaw, bye_law	a rule made by a local authority to regulate its own affairs	उपविधि,उप-विधि	वह छोटी विधि जो किसी के अधीन हो|| एक विधि के अन्तर्गत कई उपविधियाँ हो सकती हैं । 	சட்டம், உபவிதி	ஒன்றின் கீழ் இருக்கும் ஒரு சிறிய விதி||  ஒரு சட்டத்தின் கீழ் சில துளைசட்டங்கள் உபவிதிகள் இருக்கிறது 	Direct
10512	NOUN	6261908	NOUN	subtitle	secondary or explanatory title	उपशीर्षक	शीर्षक के अतिरिक्त किसी विषय को और अधिक स्पष्ट करनेवाला दूसरा शीर्षक|| बच्चों से शिक्षक ने लेख का उपशीर्षक पूछा । 	துணைத்தலைப்பு	ஒரு தலைப்புக்கு கிழ்வரும் சிறுதலைப்பு.||  குழந்தைகளிடத்தில் ஆசிரியர் கட்டுரையின் துணைத்தலைப்பை கேட்டார் 	Direct
10513	NOUN	10576361	NOUN	undersecretary	a secretary immediately subordinate to the head of a department of government	उपसचिव	वह सचिव जो किसी के अधीन हो|| वित्त विभाग के उपसचिव बजट बनाने में व्यस्त हैं । 	துணைச்செயலாளர்	செயலாளருக்கு கீழ் பணிபுரிபவர்.||  நிதித் துறையின் துணைச்செயலாளர் பஜெட் தாக்கலில் ஈடுபட்டிருக்கிறார் 	Direct
10514	NOUN	2647145	NOUN	accessory, appurtenance, supplement, add-on	a supplementary component that improves capability	उपसाधक	वह जो किसी कार्य को करने में सहायक हो|| इस मशीन के साथ एक उपसाधक मुफ्त में मिलेगा । 	உபசாதனம், துணைசாதனம்	ஏதாவது ஒரு செயலைச் செய்வதற்கு உதவியாக இருக்கும் பொருள்||  இந்த இயந்திரத்துடன் ஒரு உபசாதனமும் இலவசமாகக் கிடைத்தது 	Direct
10516	NOUN	14402929	NOUN	raw_material, staple	material suitable for manufacture or use or finishing	कच्चा-माल,कच्चा माल,कच्चामाल,उपादान	व्यवहार में आनेवाली वस्तुओं के बनाने की सामग्री|| तिलहन,रुई आदि कच्चे माल के अंतर्गत आते हैं । 	கச்சாப்பொருள்	தொழிற்சாலையில் ஒன்றை உற்பத்தி செய்வதற்குத் தேவையான மூலப்பொருள்.||  எண்ணெய் வித்துச் செடிகள், பஞ்சு முதலியவை கச்சாப்பொருட்களில் உள்ளடங்கியதாகும் 	Direct
10517	NOUN	6392651	NOUN	diploma, sheepskin	a document certifying the successful completion of a course of study	डिप्लोमा,डिप्लोमा प्रमाण-पत्र	डिप्लोमा पूरा करने पर प्राप्त होनेवाला प्रमाण-पत्र|| शैक्षिक प्रमाण-पत्रों में डिप्लोमा की प्रतिलिपि भी संलग्न करें । 	டிப்ளமோ_சான்றிதழ்	டிப்ளமோ முடித்து கிடைக்கக்கூடிய சான்றிதழ்||  ஆசிரியர் சான்றிதழ்களில் டிப்ளமோவின் நகல் கூட சேர்க்கப்படுகிறது 	Direct
10518	NOUN	2902207	NOUN	by-product, byproduct, spin-off	a product made during the manufacture of something else	उपोत्पाद,उपजात	किसी वस्तु को बनाते-बनाते उसके साथ अपनेआप बन जानेवाला अन्य पदार्थ|| वेसलीन एक उपोत्पाद है । 	தயாரிப்பு	ஏதாவது சில பொருட்களைத் தனக்குத்தானே தயாரித்தல்||  வாஸ்லின் ஒரு தயாரிப்பு பொருள் 	Direct
10521	NOUN	6464925	NOUN	patent, letters_patent	an official document granting a right or privilege	पेटंट,एकस्व,एकस्वकृत	किसी वस्तु के आविष्कारक को उस वस्तु पर पूर्ण अधिकार देने वाला दस्तावेज़|| अमेरिका ने हल्दी,बासमती चावल,नीम जैसी भारतीय वस्तुओं पर पेटंट प्राप्त करने की कोशिश की । 	தனிக்காப்புரிமை	ஏதாவது ஒரு பொருளின்மேல் முழு அதிகாரம் கொடுக்கக்கூடிய ஆவணம்||  அமெரிக்கா மஞ்சள், பாசுமதி அரிசி, எலுமிச்சை போன்ற இந்தியப் பொருட்கள்மீது தனிக்காப்புரிமை செய்தது 	Direct
10524	NOUN	12729709	NOUN	belladonna, belladonna_plant, deadly_nightshade, Atropa_belladonna	perennial Eurasian herb with reddish bell-shaped flowers and shining black berries; extensively grown in United States; roots and leaves yield atropine	कंटकारिका,कंटालिका,कण्टकारिका,कण्टालिका,अंगूरशफा,अंगूरशेफा,साग अंगूर,बेलाडोना	काले फलों वाला एक कँटीला पौधा|| कंटकारिका दवा के रूप में उपयोग होती है । 	பேகாடோனா	கருப்பு பழங்களையுடைய ஒரு முட்செடி||  பேலாடோனா மருந்து முறையில் பயன்படுகிறது 	Direct
10529	NOUN	8324833	NOUN	staff	"personnel who assist their superior in carrying out an assigned task; ""the hospital has an excellent nursing staff""; ""the general relied on his staff to make routine decisions"""	कर्मचारी-वृन्द,कर्मचारी वृंद,स्टाफ़	किसी कार्यालय के सभी कर्मचारी|| कर्मचारी-वृन्द ने मिलकर महापूजा का आयोजन किया । 	பணியாளர்குழு	ஒரு அலுவகத்தில் உள்ள அனைத்து உழியர்களின் கூட்டம்.||  பணியாளர்குழு சேர்ந்து பெரிய பூஜையை ஏற்பாடு செய்தனர் 	Direct
28390	NOUN	8324833	NOUN	staff	"personnel who assist their superior in carrying out an assigned task; ""the hospital has an excellent nursing staff""; ""the general relied on his staff to make routine decisions"""	स्टाफ,कर्मचारी वर्ग,अमला	वह कर्मचारी वर्ग जो अपने अधिकारी आदि को निर्धारित कार्यों को करने में सहायता करता है|| इस विद्यालय का स्टाफ बहुत ही अच्छा है । 	பணிபுரிபவர், வேலைசெய்பவர், பணிசெய்பவர், வேலைபுரிபவர், வேலைபார்ப்பவர்	அலுவலகம், தொழிற்சாலை முதலியவற்றில் ஊதியம் பெற்றுக் கொண்டு குறிப்பிட்ட வேலையை செய்யும் பொறுப்பில் இருப்பவர்||  இந்தக் கல்லூரியில் பணிபுரிபவர் மிகவும் நல்லவராவார் 	Direct
10530	NOUN	8294593	NOUN	working_group, working_party	"a group of people working together temporarily until some goal is achieved; ""the working group was supposed to report back in two weeks"""	श्रमिक दल,कर्मीदल	एक साथ काम करने वालों का दल|| श्रमिक दल आज काम पर नहीं आया है । 	தொழிலாளர்கூட்டம்	ஒரே நேரத்தில் வேலையை செய்யும் குழு.||  தொழிலாளர்கூட்டம் இன்று வேலைக்கு வரவில்லை 	Direct
10532	NOUN	8171623	NOUN	polytechnic_institute, polytechnic, engineering_school	a technical school offering instruction in many industrial arts and applied sciences	पॉलीटेकनिक कॉलेज,पॉलीटेकनिक महाविद्यालय,पॉलीटेकनिक,बहुशिल्प महाविद्यालय,बहुशिल्प-महाविद्यालय	औद्योगिक कला, व्यावहारिक विज्ञान तथा तकनीक आदि क्षेत्रों में शिक्षा देने वाली संस्था|| सौम्या को पॉलिटेकनिक कॉलेज में दाख़िला मिल गया है । 	பாலிடெக்னிக்	கலை, விஞ்ஞானம் மேலும் தொழில்நுட்பம் முதலிய இடங்களில் வேலை செய்யக்கூடிய அமைப்பு||  சௌமியாவிற்கு பாலிடெக்னிக்கில் இடம் கிடைத்துள்ளது 	Direct
10535	NOUN	6298756	NOUN	canto	a major division of a long poem	कांड,काण्ड	किसी कार्य अथवा विषय का विभाग|| नाटक के अगले कांड में भगवान जन्म लेंगे । 	காண்டம்	பெருங்காப்பியத்தின் ஒரு பெரிய உட்பிரிவு||  இராமாயணத்தில் ஏழு காண்டங்கள் இருக்கின்றன 	Direct
10540	NOUN	5567258	NOUN	skill, science	"ability to produce solutions in some problem domain; ""the skill of a well-trained boxer""; ""the sweet science of pugilism"""	कार्यदक्षता,कार्य कुशलता	किसी कार्य को करने की योग्यता|| महेश में तकनीकी कार्यदक्षता है । 	செயல்திறன்	எந்தவொரு வேலையையும் செய்யும் தகுதி.||  மகேஷிடம் தொழில்நுட்ப செயல்திறன் இருக்கின்றது 	Direct
10541	NOUN	1083042	NOUN	black_market	an illegal market in which goods or currencies are bought and sold in violation of rationing or controls	चोर बाजार,चोरबाजार,चोर बजार,चोरबजार,चोर बाज़ार,चोरबाज़ार,चोर बज़ार,चोरबज़ार	ऐसा बाज़ार जहाँ चोरी-छुपे या चोरी का माल बेचा जाए|| रमेश ने चोर बाजार से एक गाड़ी खरीदी । 	கருப்புசந்தை	இச்சந்தையில் திருட்டுத்தனமாக அல்லது திருட்டு பொருட்கள் விற்கப்படும்.||  ரமேஷ் கருப்புசந்தையில் ஒரு கடிகாரம் வாங்கினான் 	Direct
10546	NOUN	6033704	NOUN	dynamics, kinetics	the branch of mechanics concerned with the forces that cause motions of bodies	गति विज्ञान,डाइनामिक्स,डाइनैमिक्स,गतिकी	वह विज्ञान जिसके अंतर्गत गति करती हुई वस्तुओं का एवं उनके बलों का वैज्ञानिक अध्ययन किया जाता है|| मीना को गति विज्ञान कठिन लगता है । 	இயக்கவியல், இயக்கவிசையியல்	பொருட்களின் அசையும் தன்மையும் அவற்றின் வேகமும் பற்றிய ஆய்வு||  மீனாவிற்கு இயக்கவியல் கடினமாக இருக்கிறது 	Direct
10548	NOUN	6041125	NOUN	mineralogy	the branch of geology that studies minerals: their structure and properties and the ways of distinguishing them	खनिजविज्ञान,खनिज विज्ञान,खनिजशास्त्र,खनिज शास्त्र	वह विज्ञान जिसमें खानों का पता लगाने,उनमें से चीज़ें निकालने और खनिज पदार्थों के स्वरूप आदि का विवेचन होता है|| खनिज विज्ञान भूगर्भ शास्त्र का एक अंग है । 	கனிமயியல், கனிப்பொருளியல்	நிலத்தில் வெட்டி எடுக்கப்படும் கனிமப்பொருளைப் பற்றிய ஆய்வு||  கனிமயியல் பூகோளத்தில் ஒரு பகுதியாக இருக்கிறது 	Direct
10550	NOUN	13859987	NOUN	pregnancy, gestation, maternity	the state of being pregnant; the period from conception to birth when a woman carries a developing fetus in her uterus	गर्भावस्था,गर्भ,पेट,अवधान,प्रेग्नन्सी,प्रेगनेन्सी,प्रेगनेंसी	गर्भाधान के समय से लेकर बच्चे के जन्म लेने तक की अवस्था|| गर्भावस्था में भ्रूण को पोषक तत्व माँ से मिलता है । 	கர்ப்பகாலம்	கர்ப்பகாலம்||  கர்ப்பகாலத்தில் பெண்கள் சத்துள்ள உணவுகளைச் சாப்பிட வேண்டும். 	Direct
10551	NOUN	610018	NOUN	stenography	"the act or art of writing in shorthand; ""stenography is no longer a marketable skill"""	शार्टहैंड,आशुलिपि,आशु-लिपि	संक्षेप या संकेत के रूप में लिखने की क्रिया या कला|| शार्टहैंड की महत्ता अब घट गई है । 	சுருக்கெழுத்து	குறியீடுகளைப் பயன்படுத்திப் பேச்சை வேகமாகப் பதிவுசெய்யும் முறை||  சுருக்கெழுத்தின் சிறப்பு இப்பொழுது குறைந்துகொண்டே இருக்கிறது 	Direct
10552	NOUN	11299050	NOUN	gravity, gravitation, gravitational_attraction, gravitational_force	"(physics) the force of attraction between all masses in the universe; especially the attraction of the earth' s mass for bodies near its surface; ""the more remote the body the less the gravity""; ""the gravitation between two bodies is proportional to the product of their masses and inversely proportional to the square of the distance between them""; ""gravitation cannot be held responsible for people falling in love""--Albert Einstein"	गुरुत्वाकर्षण शक्ति,गुरुत्वीय बल,गुरुत्वाकर्षण	पृथ्वी की वह शक्ति जिसके द्वारा सभी वस्तुएँ उसी की ओर खींचकर आती हैं|| न्यूटन ने सर्वप्रथम गुरुत्वाकर्षण शक्ति को पहचाना । 	புவியீர்ப்புவிசை, புவியீர்ப்புசக்தி, புவிஈர்ப்புசக்தி	பொருள்களை தன் மையத்தை நோக்கி இழுக்கும் பூமியின் திறன்.||  நியூட்டன் முதன்முதலாக புவிஈர்ப்புசக்தியை கண்டுபிடித்தார் 	Direct
10559	ADJECTIVE	709908	ADJECTIVE	cyclic, cyclical	recurring in cycles	चक्रीय	चक्र की तरह घूम-घूम या रह-रहकर बार-बार होनेवाला|| दिन-रात का चक्रीय क्रम चलता रहता है । 	சுற்றுகிற	சக்கரத்தைப் போல சுற்றி வருகிற||  இரவு - பகலாக சக்கரம் சுற்றிக் கொண்டிருக்கிறது 	Direct
10561	NOUN	2676307	NOUN	ambulance	a vehicle that takes people to and from hospitals	एंबुलेंस,एम्बुलेंस,एम्बुलेन्स,रुग्ण-वाहिनी,रुग्ण वाहिनी,रोगी-वाहन,अस्पताल गाड़ी,रोगी गाड़ी	वह गाड़ी जो रोगी अथवा दुर्घटनाग्रस्त व्यक्ति को अस्पताल तक पहुँचाती है|| ग्रामीण अस्पतालों में एंबुलेंस की सुविधा नहीं होती है । 	அவசரஊர்தி	நோயாளி மற்றும் விபத்துக்குள்ளான நபரை மருத்துவமனைக்கு கொண்டு செல்ல பயன்படுகிறது.||  கிராம மருத்துவமனைகளில் அவசர ஊர்தி இருப்பதில்லை. 	Direct
10562	NOUN	6318261	NOUN	calligraphy, penmanship, chirography	beautiful handwriting	सुलेखन,चारुलेखन	सुंदर लिखने की कला|| पाठशाला में सुलेखन प्रतियोगिता आयोजित की गई । 	அழகிய_கையெழுத்து	அழகாக எழுதும் கலை||  பள்ளிக்கூடத்தில் அழகிய கையெழுத்து எழுத  அறிவுறுத்தப்படுகிறது 	Direct
17426	NOUN	6318261	NOUN	calligraphy, penmanship, chirography	beautiful handwriting	सुलेख,सुलेखन,ख़ुशख़त,खुशखत	सुन्दर लिखावट|| उसके सुलेख की सभी प्रशंसा करते हैं । 	அழகானகையெழுத்து	கையால் எழுதும் எழுத்து அழகாக இருக்க திரும்ப திரும்ப எழுத வேண்டும்||  ஒவ்வொரு மாணவரும் அழகான எழுத்து வர கையெழுத்து பயிற்சி புத்தகத்தில் எழுத வேண்டும் 	Direct
10571	NOUN	646507	NOUN	census, nose_count, nosecount	a periodic count of the population	जनगणना,जन गणना,मर्दुम-शुमारी,गणना	किसी स्थान अथवा देश के निवासियों की होने वाली गणना या गिनती|| जनगणना से जनसंख्या, जन्मदर, मृत्युदर आदि का पता चलता है । 	மக்கள்தொகைகணக்கெடுப்பு, மக்கள்எண்ணிக்கை	ஒரு நாட்டின் அல்லது ஒரு இடத்தில் இருக்கும் மக்களின் மொத்த எண்ணிக்கையை அறிய எடுக்கும் ஒரு கணக்கீடு.||  மக்கள்தொகைகணக்கெடுப்பால் மக்கள்தொகை, பிறப்புவிகிதம், இறப்புவிகிதம் முதலியவைப் பற்றி தெரிந்துக் கொள்ளலாம் 	Direct
10575	NOUN	2706624	NOUN	aquarium, fish_tank, marine_museum	a tank or pool or bowl filled with water for keeping live fish and underwater animals	मछली घर,मछलीघर,मछली-घर,मत्स्यालय,जलशाला,जल-जीवशाला,जलजीवशाला	वह स्थान जहाँ जलीय पौधों तथा जीवों को पाला-पोसा जाता है|| जलशाला में कई तरह के कोरल,शैवाल,मछली आदि जलीय जीव देखने को मिलते हैं । 	நீர்நிலை	ஆறு, ஏரி, குளம் முதலியவற்றைக் குறிக்கும் பொதுப்பெயர்.||  நீர்நிலைகளில் பல வகையான கோரஸ், சைவால், மஜ்லி, ஆகிய நீரில் வாழும் உயிர்னங்களை காணமுடிகிறது 	Direct
10580	NOUN	13745873	NOUN	affair, affaire, intimacy, liaison, involvement, amour	a usually secretive or illicit sexual relationship	व्यभिचार,जारकर्म,जारी,लंपटता,लम्पटता,छिनाला,छिनालपन,ज़िनाकारी,ज़िना,जिना,अवैध संबंध,ब्यभिचार,पारदार्य,हराम,लांपट्य,लाम्पट्य,संग्रहण,सङ्ग्रहण,पटेबाज़ी,पटेबाजी,बदकारी,आशनाई,वास्ता	स्त्री पुरुष का अनुचित संबंध|| व्यभिचार वैवाहिक संबंध को कमज़ोर बना देता है । 	முறையற்ற_தொடர்பு, கள்ளத்தொடர்பு, தீயத்தொடர்பு	திருட்டுத்தனமாக  ஒரு ஆணோ அல்லது பெண்ணோ முறையில்லாமல் வைத்திருக்கும் தொடர்பு||  முறையற்ற தொடர்பு திருமணத்திற்குப் பின்பு பலவீனத்தைக் கொடுக்கிறது 	Direct
10583	NOUN	11308334	NOUN	life_cycle	a series of stages through which an organism passes between recurrences of a primary stage	जीवनचक्र,जीवन यात्रा	जन्म लेने से मृत्यु तक की विभिन्न अवस्थाओं की शृंखला या क्रम|| हर जीव का जीवनचक्र अलग-अलग होता है । 	வாழ்க்கைசக்கரம்	பிறந்ததிலிருந்து இறக்கும் வரை பல்வேறு நிலைமைகளின் முறை அல்லது வரிசை.||  ஒவ்வொரு உயிரின் வாழ்க்கைச் சக்கரமும் தனித்தனியாக இருக்கின்றது 	Direct
10585	NOUN	5959446	NOUN	biology, biological_science	the science that studies living organisms	जीव विज्ञान,जीव-विज्ञान,जीवविज्ञान,जैविकी,जीव शास्त्र,बॉयोलॉजी,बायोलॉजी,बायोलाजी	वह विज्ञान जिसमें जीव-जंतुओं और वनस्पतियों आदि की उत्पत्ति, स्वरूप, विकास और विभागों आदि का विवेचन होता है|| मनीषजी जीव विज्ञान के प्रवक्ता हैं । 	உயிரியல்	உயிர்வாழ்வன பற்றிய அறிவியல்.||  மல்லிகா உயிரியல் விரிவுரையாளர் ஆவார் 	Direct
10586	NOUN	3703737	NOUN	menagerie, zoo, zoological_garden	the facility where wild animals are housed for exhibition	चिड़ियाघर,जीवशाला,जंतुशाला,चिड़ियाख़ाना,प्राणी उद्यान,प्राणी-उद्यान,ज़ू,जू	वह स्थान जहाँ अनेक प्रकार के पशु-पक्षी देखने के लिए रखे जाते हैं|| बच्चे चिड़ियाघर की सैर करने गए हैं । 	மிருககாட்சிசாலை	விலங்குகளும் பறவைகளும் தம்முடைய இயற்கையான சூழலில் வாழ்வது போலவே இருக்கும் வகையில் பெரிய நிலப்பரப்பில் அமைக்கப்பட்ட சாலை.||  குழந்தைகள் மிருககாட்சி சாலைக்கு சுற்றுப்பணம் சென்றுள்ளனர் 	Direct
10587	NOUN	6004253	NOUN	zoology, zoological_science	the branch of biology that studies animals	प्राणिविज्ञान,प्राणि-विज्ञान,प्राणिशास्त्र,जंतुविज्ञान,जंतुशास्त्र,प्राणि विज्ञान,प्राणि शास्त्र,जंतु विज्ञान,जंतु शास्त्र,जन्तुविज्ञान,जन्तुशास्त्र,जन्तु विज्ञान,जन्तु शास्त्र,जूलॉजी,जूलोजी,जांतविकी	वह विज्ञान जिसमें जंतुओं या प्राणियों की उत्पत्ति,विकास,स्वरूप और विभागों आदि का विवेचन होता है|| सुशांत के लिए प्राणिविज्ञान बहुत ही रोचक विषय है । 	விலங்கியல்	உயிரியியலில் ஒரு பிரிவான விலங்குகள் குறித்து விவரிக்கும் அறிவியல் துறை.||  நான் விலங்கியல் பாடம் படித்தேன் 	Direct
10588	ADJECTIVE	3069052	ADJECTIVE	organic	"of or relating to or derived from living organisms; ""organic soil"""	जांतव,जान्तव	जीवित प्राणियों से संबंधित|| शरीर द्वारा जांतव प्रोटीन का अवशोषण पूरी तरह से होता है । 	ஆர்கானிக்	வாழ்கின்ற உயிரினங்கள் தொடர்பான||  உடலின் மூலமாக ஆர்கானிக் புரோட்டினின் கழிவு முழுமையாக காணப்படுகிறது 	Direct
1059	NOUN	9288853	NOUN	satellite	any celestial body orbiting around a planet or star	उपग्रह	वह खगोलीय पिंड जो किसी ग्रह की परिक्रमा करता है || चन्द्रमा पृथ्वी का एक उपग्रह है । 	துணைக்கோள்	கிரகத்தைச் சுற்றும் சிறிய கோள்.||  சந்திரன் பூமியின் துணைக்கோள் 	Direct
10590	NOUN	10574710	NOUN	typist	someone paid to operate a typewriter	टाइपिस्ट,टंकक	वह जो टंकण-यंत्र पर टंकण का काम करता हो|| लताजी मराठी टाइपिस्ट हैं । 	தச்சர்	கட்டடத்திர்கான மரவேலைகளையும் உபயோகத்திற்கான மரப் பொருள்களையும் செய்பவர்||  லதாஜி மராட்டி தச்சர் ஆவார் 	Direct
10591	NOUN	10536152	NOUN	technician	someone known for high skill in some intellectual or artistic technique	टेक्निशियन,तकनीकविद्,तकनीशियन	वह जो किसी विशेष तकनीकी प्रक्रिया में प्रशिक्षित हो|| इस संस्था में कई टेक्निशियन काम करते हैं । 	தொழில்நுட்பநிபுணர்	தொழில்நுட்பத்தில் தேர்ச்சி பெற்றவர்||  இந்த நிறுவனத்தில் பல தொழில்நுட்பநிபுணர்கள் வேலை செய்கின்றனர் 	Direct
19028	NOUN	10536152	NOUN	technician	someone known for high skill in some intellectual or artistic technique	तकनीक विज्ञानी,तकनीकज्ञ,तकनीकविद्	तकनीक शास्त्र का ज्ञाता|| तकनीक विज्ञानियों के बीच तकनीकी संबंधी बातों पर चर्चा हो रही है । 	தொழில்நுட்பவிஞ்ஞானி	தொழில்நுட்ப கலை அறிந்தவன்||  தொழில்நுட்பவிஞ்ஞானிகளுக்கு இடையில் தொழில்நுட்பம் தொடர்பான பிரச்சனைகளின் சர்ச்சை எழுந்தது 	Direct
10595	NOUN	5254787	NOUN	diaphragm, midriff	(anatomy) a muscular partition separating the abdominal and thoracic cavities; functions in respiration	डायाफ़्राम,डायफ़्राम,तनुपट	वक्ष-गुहा को उदर-गुहा से अलग करने वाली पतली झिल्ली|| डायाफ्राम बहुत अधिक लचीला होता है । 	சவ்வு	ஈரலுக்கும் குடலுக்கும் இடையே இருக்கும் சவ்வு||  ஈரலுக்கும் குடலுக்கும் இடையே உள்ள சவ்வு மிக மெலிதாக இருக்கிறது 	Direct
10596	NOUN	4888607	NOUN	buoyancy	the tendency to float in water or other liquid	तरणशीलता,उत्प्लावकता	तैरने की प्रवृत्ति|| तरणशीलता के कारण वस्तुएँ पानी आदि में तैरती हैं । 	மிதப்பு, மிதத்தல்	திரவத்தின் மேல்பரப்பில் ஒன்று அல்லது ஒருவர் மூழ்காமல் இருத்தல் அல்லது கிடத்தல்||  திரவத்தின் 	Direct
10598	NOUN	2042780	NOUN	whale	any of the larger cetacean mammals having a streamlined body and breathing through a blowhole on the head	व्हेल,ह्वेल	समुद्र में रहने वाला मछली के आकार का एक बड़ा जल-जंतु|| व्हेल बड़ी-बड़ी जहाज़ों को उलट देती है । 	திமிங்கலம்	கடலில் வாழும், பாலூட்டி இனத்தைச் சேர்ந்த, மீனைப் போன்ற உருவம் உடைய மிகப் பெரிய விலங்கு.||  திமிங்கலம் பெரிய-பெரிய கப்பல்களை கவிழ்த்துவிடுகிறது 	Direct
106	NOUN	6599823	NOUN	permission	"approval to do something; ""he asked permission to leave"""	स्वीकृति,मंजूरी,इक़रार,इकरार,सकार,अंगीकरण,अंगीकृति,अनुज्ञप्ति,संप्रत्यय,ईजाब,रज़ा,रजा	स्वीकार करने की क्रिया या भाव|| भारत सरकार ने इस परियोजना को चालू करने के लिए अपनी स्वीकृति दे दी है । 	அங்கீகாரம், அனுமதி	ஒரு அமைப்புக்கோ தனி நபருக்கோ வழங்கப்படும் ஒப்புதல்.||  இந்திய அரசாங்கம் இந்த திட்டத்தை செயல்படுத்த அங்கீகாரம் கொடுத்தது 	Direct
10600	NOUN	10125659	NOUN	machinist, mechanic, shop_mechanic	a craftsman skilled in operating machine tools	कारीगर,मिस्त्री,यांत्रिक,मिस्तरी,यंत्रविद्,यंत्रविद्ध,यंत्रकार	वह जो यंत्रों आदि की मरम्मत करता हो || कारीगर कार की मरम्मत कर रहा है । 	பொறியியல்வல்லுநர், பொறியாளர்	இயந்திரம், கட்டடம் முதலியவற்றை உருவாக்குவதற்கும் பராமரிப்பதற்கும் உரிய தொழிநுட்பக் கல்வியில் தேர்ச்சி பெற்றவர்.||  பொறியியல்வல்லுநர் காரை பழுது பாத்துக் கொண்டிருக்கிறார்கள் 	Direct
10602	ADJECTIVE	465310	ADJECTIVE	clockwise	in the same direction as the rotating hands of a clock	दक्षिणावर्त,दक्षिणावर्ती,दायाँवर्त	जो घूमते समय दाहिनी ओर से आगे बढ़ता हो|| घड़ी की सुई हमेशा दक्षिणावर्त परिभ्रमण करती है । 	வலது, வல	சுற்றும் சமயம் வலதுபக்கத்தை நோக்கி செல்வது||  கடிகாரத்திலுள்ள முள் எப்போதும் வலதுபுறமாக சுற்றுகிறது 	Direct
10603	NOUN	5199447	NOUN	mustache, moustache	"an unshaved growth of hair on the upper lip; ""he looked younger after he shaved off his mustache"""	मूँछ	ऊपरी होंठ पर के बाल जो विशेषकर पुरुषों के होते हैं|| आजकल के नगरीय युवा मूँछ रखना पसंद नहीं करते । 	மீசை	ஆணின் மேல் உதட்டில் இருக்கும் முடி||  என்னுடைய தாத்தாவின் மீசை மிகவும் பெரியதாக இருக்கும் 	Direct
10606	NOUN	15091987	NOUN	day_shift	the work shift during the day (as 8 a.m. to 4 p.m.)	दिनपाली,दिनपारी	दिन के समय काम करने की कालावधि|| हमारा काम दिनपारी में ही होता है । 	பகல்_வேலை	பகல் பொழுதில் வேலை செய்யும் முறை||  எங்களுடைய வேலை பகல் வேலையிலே இருக்கிறது 	Direct
10607	NOUN	4349065	NOUN	telephone, phone, telephone_set	"electronic equipment that converts sound into electrical signals that can be transmitted over distances and then converts received signals back into sounds; ""I talked to him on the telephone"""	फ़ोन,फोन,टेलिफोन,टेलिफ़ोन,दूरभाष,टेलिफ़ून,टेलिफून,टेलीफ़ोन,टेलीफोन,दूरध्वनि,दूर-ध्वनि	वह यंत्र जिसके द्वारा एक स्थान से कही हुई बात दूसरे स्थान पर सुनाई पड़ती है|| फ़ोन जन-संपर्क का सबसे अच्छा माध्यम है । 	தொலைபேசி	தொலைவில் உள்ளவர்களுடன் தொடர்பு கொண்டு பேசுவதற்கு உதவும் மின்னணுச் சாதனம்.||  தொலைபேசி மக்கள்-தொடர்பின் செல்லாவற்றையும் விட நல்ல சாதனம் 	Direct
10609	NOUN	8526027	NOUN	scenery	the appearance of a place	भू-दृश्य,भू दृश्य,सीनरी	भूमि या जगह की प्राकृतिक छटा|| नैनीताल का भू-दृश्य बहुत ही मनोरम है । 	புவிகாட்சி	பூமியின் மேற்பரப்பில் அமைந்திருக்கும் இயற்கை அழகு.||  நைனிதாஸ் புவிகாட்சி மிகவும் அழகானது 	Direct
10610	NOUN	5361049	NOUN	retina	the light-sensitive membrane covering the back wall of the eyeball; it is continuous with the optic nerve		 	வெண்படலம், வெண்திரை	கண்ணின் மிக உள்ளே வட்டவடிவமாக இருக்கும் அமைப்பு||  வெண்படலத்தின் உள்ளே பிரதிபிம்பம் உருவானால் அதை வெளியேற்ற அறுவைசிகிச்சைச் செய்யப்படுகிறது 	Direct
1216	NOUN	5361049	NOUN	retina	the light-sensitive membrane covering the back wall of the eyeball; it is continuous with the optic nerve	दृष्टिपटल,नेत्रपटल,अक्षिपटल,नेत्र पटल,अक्षि पटल,दृष्टि पटल,रेटिना,रैटिना	नेत्रगोलक की पिछली दीवार को ढकने वाली एक प्रकाश संवेदी झिल्ली जिस पर किसी वस्तु का प्रतिबिंब बनता है|| दृष्टिपटल सिकुड़ने की वज़ह से उसकी दाहिनी आँख का शल्य-कर्म कराना पड़ा ।  /  दृष्टिपटल के आगे प्रतिबिंब बनने पर उसे निकट दृष्टि दोष कहते हैं । 	விழித்திரை	கண்ணின் உட்பகுதியில் அமைந்திருக்கும் காணும் பொருளின் பிம்பம் படும் படலம்.||  ரெட்டினா சுருங்கிய காரணத்தால் கண்ணில் அறுவை சிகிச்சை செய்ய வேண்டிய கட்டாயம் ஏற்படுகிறது 	Direct
10614	ADJECTIVE	1886210	ADJECTIVE	negative, electronegative	"having a negative electric charge; ""electrons are negative"""	ऋणात्मक,ऋण,नेगटिव,नेगेटिव,निगटिव,निगेटिव	ऋण पक्ष से संबंध रखने वाला|| इलेक्ट्रान में ऋणात्मक आवेश होता है । 	எதிர்மாறான, முரண்பாடான	ஒன்றின் தன்மைக்கு முற்றிலும் வேறுபட்டு இருக்கும் தன்மை||  எலக்ட்ரானில் எதிர்மாறான சக்தி இருக்கிறது 	Direct
10615	ADJECTIVE	80329	ADJECTIVE	affirmative, affirmatory	"affirming or giving assent; ""an affirmative decision""; ""affirmative votes""; ""an affirmative nod""; ""an affirmatory gesture"""	सकारात्मक,स्वीकारात्मक,पॉजिटिव,पाजिटिव	जिसमें स्वीकार या हाँ का भाव हो|| शीला की नौकरी के लिए एक कार्यालय से सकारात्मक उत्तर आया है । 	ஒப்புக்கொள்ளக்கூடிய	ஒரு விஷயத்தை ஒத்துக்குக் கொள்ளுதல்.||  சீலாவின் வேலைக்காக ஒரு அலுவலகத்திலிருந்து  ஒப்புக்கொள்ளக்கூடிய பதில் வந்தது 	Direct
10617	NOUN	13997452	NOUN	tetanus, lockjaw	an acute and serious infection of the central nervous system caused by bacterial infection of open wounds; spasms of the jaw and laryngeal muscles may occur during the late stages	धनुषटंकार,धनुषटङ्कार,टिटनस,धनुर्वात,धनुकबाई,धनुक बाई,धनुवात,टेटनस	व्रण या क्षत के विषाक्त होने के कारण होने वाला एक भीषण और घातक रोग|| धनुषटंकार में रोगी की गर्दन और पीठ अकड़कर धनुष के समान कुछ टेढ़ी हो जाती है । 	தனுர்வாதம், வாதநேய்,  ஜன்னி, டெட்டனஸ்	தசை விறைப்பு ஜன்னி||  தனுர்வாத நோயால் பாதிக்கப்பட்டவகளின்  உடல் வில் போல் வளைந்திருக்க்கும் 	Direct
1062	NOUN	11319502	NOUN	moonlight, moonshine, moon	"the light of the moon; ""moonlight is the smuggler' s enemy""; ""the moon was bright enough to read by"""	चाँदनी,ज्योत्स्ना,चंद्रप्रभा,चन्द्रप्रभा,शशि प्रभा,चंद्रिका,कौमुदी,मालती,चन्द्रिका,चंदिका,चन्दिका,ज्योत्सना,चंद्रकांति,चन्द्रकान्ति,चंद्रगोलिका,चन्द्रगोलिका,चंद्रपुष्पा,शशिप्रभा,चन्द्रपुष्पा,चंद्रज्योत्सना,चंद्रज्योत्स्ना,चन्द्रज्योत्सना,चन्द्रज्योत्स्नाअमृततरंगिणी,अमृततरङ्गिणी,चंद्रशाला,चूला,महताब,उजाली,उजारी,उँज्जारी,उजियरिया,उजियारी	चन्द्रमा का प्रकाश|| जब हम घर से निकले, आसमान साफ था और पृथ्वी पर चाँदनी फैली हुई थी । 	நிலவொளி, நிலவுஒளி, சந்திரஒளி	நிலவிலிருந்து வரும் ஒளி.||  இன்று பௌர்ணமி என்பதால் முழு நிலவொளி பூமியின் மீது பிரகாசித்தது 	Direct
10620	ADJECTIVE	3154206	ADJECTIVE	hydraulic	"moved or operated or effected by liquid (water or oil); ""hydraulic erosion""; ""hydraulic brakes"""	द्रवचालित	गतिमान द्रव की कार्यविधि से संबंधित|| द्रवचालित बिजली घर बनाने पर ज़ोर दिया जाता है । 	நீர்_கொண்டு_இயக்கப்படுகிற, நீர்_கொண்டு_இயக்கப்படும், நீர்_கொண்டு_இயக்கக்கூடிய, நீரால்_இயக்கப்படும், நீரால்_இயங்கும், நீரால்_இயங்கக்கூடிய	செல்லக்கூடிய திரவ செயல்முறையில் தொடர்புள்ள||  நீர் கொண்டு இயக்கப்படுகிற மின்சாரம் அறை அல்லது வீடு உருவாக்க வலியுறுத்தப்படுகிறது 	Direct
9831	ADJECTIVE	3154206	ADJECTIVE	hydraulic	"moved or operated or effected by liquid (water or oil); ""hydraulic erosion""; ""hydraulic brakes"""	जलचालित	पानी से चलनेवाला|| पनचक्की एक जलचालित यंत्र है । 	நீரில்_செல்கிற	நீரில் செல்லக்கூடிய||  நீர் இயந்திரம் ஒரு நீரில் செல்கிற இயந்திரம் ஆகும் 	Direct
10623	NOUN	6045650	NOUN	metallurgy	the science and technology of metals	धातु विज्ञान,धातु-विज्ञान,धातु शास्त्र,धातुकी,धातु विद्या,धातुशास्त्र,धातुविज्ञान	विज्ञान की वह शाखा जिसमें अयस्क से धातु का उत्पादन,संशोधन,मिश्रधातु बनाने तथा अभियांत्रिकी उपयोगिता आदि के बारे में अध्ययन किया जाता हो|| रोज़मर्रा की ज़िंदगी में धातु विज्ञान का महत्वपूर्ण योगदान है । 	தாதுவியல்	உலோகத்தைச் சுத்தம் செய்யும் கலை அல்லது தொழில்||  தினசரி வாழ்க்கையில் தாதுவியல் சிறப்பு வாய்ந்ததாக இருக்கிறது 	Direct
10624	NOUN	3352386	NOUN	fountain_pen	a pen that is supplied with ink from a reservoir in its barrel	फाउंटेन पेन,स्रोतलेखनी	एक तरह की कलम जिसमें स्याही भरकर लिखा जाता है|| आजकल फाउंटेन पेन की अपेक्षा डाट पेन का उपयोग ज्यादा किया जाता है । 	பவுன்டைன்_பென்	ஒன்றில் மை நிரப்பி எழுதப்படும் ஒரு வகை பேனா||  தற்பொழுது  பவுன்டைன் பென்னைக் காட்டிலும் பால் பாயின் ட் பென் அதிகமாக பயன்படுத்தப்படுகிறது 	Direct
10625	ADJECTIVE	2526259	ADJECTIVE	polar	"of or existing at or near a geographical pole or within the Arctic or Antarctic Circles; ""polar regions"""	ध्रुवीय,ध्रुवी	ध्रुव का या ध्रुव से संबंधित|| ध्रुवीय रीछ सफ़ेद रंग के होते हैं । 	துருவமண்டலம்	துருவபகுதிக்கு சம்பந்தமுள்ளவை.||  துருவ மண்டலத்தில் வசிக்கும் கரடியின் நிறம் வெள்ளையாகும் 	Direct
10626	NOUN	13214226	NOUN	cash, hard_cash, hard_currency	"money in the form of bills or coins; ""there is a desperate shortage of hard cash"""	नक़द,नक़दी,रोकड़,नकद,नकदी,कैश,नगद,नगदी,रोक	वह धन जो रुपया-पैसा, सिक्का आदि के रूप में हो|| मेरे पास पच्चीस हजार रूपये नक़द हैं । 	ரொக்கம், காசு, பணம்	ரூபாய் - பைசா, நாணயம் முதலியவற்றின் முறையில்  இருக்கும் ஒரு தொகை||  என்னிடம்  ஐம்பதாயிரம் ரூபாய் ரொக்கம் இருக்கிறது 	Direct
10628	NOUN	3221829	NOUN	dummy	a figure representing the human form	पुतला	लकड़ी, घास, कपड़े आदि का बना हुआ मनुष्य आदि का आकार|| दशहरे के दिन रावण का पुतला जलाया जाता है । 	உருவபொம்மை	ஒரு உருவம் போலவே செய்யும் பொன்மை.||  தசரா நாளன்று இராவணனின் உருவபொம்மையை எரிப்பார்கள் 	Direct
10629	NOUN	216238	NOUN	homicide	the killing of a human being by another human being	नरहत्या,नरवध,मानव हत्या,मानव वध,मानववध,नृहत्या	मनुष्य को जानबूझ कर या किसी उद्देश्य से मार डालने की क्रिया|| नरहत्या निंदनीय अपराध है । 	மனிதகொலை	ஒருவரின் உயிரைப் போக்கும் அல்லது ஒருவரை சாகடிக்கும் வன்முறைச் செயல்||  மனிதகொலை செய்வது தண்டனைக்குரிய குற்றமாகும் 	Direct
10631	NOUN	10286920	NOUN	plumber, pipe_fitter	a craftsman who installs and repairs pipes and fixtures and appliances	नलसाज,नलसाज़,नलकार,प्लमर,प्लम्बर,प्लंबर	वह जो नल लगाता एवं उसकी मरम्मत करता हो|| नलसाज मंदिर के पास नल गाड़ रहा है । 	பிளம்பர்	குழாயை போடுபவர் மற்றும் பழுதுபார்ப்பவர்||  பிளம்பர் கோயிலில் உள்ள பைப்பை  பழுது பார்த்துக்கொண்டிருக்கிறார் 	Direct
10633	NOUN	160972	NOUN	nomination	"the act of officially naming a candidate; ""the Republican nomination for Governor"""	नामांकन,नामज़दगी,नामजदगी,नामाङ्कन	चुनाव आदि में खड़े होने के लिए किसी का नाम लिखे जाने की क्रिया|| रायपुर क्षेत्र से विद्याचरण ने कांग्रेस की ओर से नामांकन किया । 	பெயரெழுத்திய	பெயரெழுத்திய நிலை||  இராய்பூர் இடத்திலிருந்து வித்யாசரண் கார்சிரஸின் பக்கமாக பெயரெழுதிய நிலை காணப்படுகிறது. 	Direct
1064	NOUN	13950339	NOUN	plague, pestilence, pest, pestis	a serious (sometimes fatal) infection of rodents caused by Yersinia pestis and accidentally transmitted to humans by the bite of a flea that has bitten an infected animal	प्लेग,ताउन,ताऊन	एक खतरनाक जानलेवा संक्रामक रोग जो चूहों के द्वारा फैलता है|| पुराने समय में प्लेग से गाँव के गाँव उजड़ जाते थे । 	பிளேக்நோய்	எலிகளால் ஏற்படும் ஒரு நோய்.||  அவன் பிளேக்நோயால் அவதிப்பட்டான் 	Direct
10640	NOUN	13424384	NOUN	quota	"a prescribed number; ""all the salesmen met their quota for the month"""	कोटा,नियतांश,निर्धारित अंश	संपूर्ण का वह निश्चित भाग या अंश जो किसी को दिया जाए या किसी से लिया जाए|| नौकरी के लिए जनजातियों का कोटा आरक्षित होता है । 	ஒதுக்கப்பட்ட_பகுதி, பங்கு, பாகம்	ஒவ்வொருவருக்காக நிச்சயிக்கப்பட்ட பகுதி||  ராம் தனக்காக ஒதுக்கப்பட்ட பகுதியை விற்பனைச் செய்தான். 	Direct
10642	NOUN	927166	NOUN	conceptualization, conceptualisation, formulation	inventing or contriving an idea or explanation and formulating it mentally	निरूपण,निर्वचन	कोई विचार या मत अच्छी तरह किसी के सामने रखने की क्रिया या भाव|| इस कविता में कवि ने मातृत्व भाव का निरूपण बहुत अच्छी तरह किया है । 	விளக்குதல், உறுதிப்படுத்துதல்	ஒரு எண்ணம் அல்லது கருத்தை நல்லவிதமாக ஒன்றின் முன்னே வைக்கும் செயல்||  இந்த கவிதையில் கவிஞர் தாயுணர்வை விளக்கியது மிகவும் நன்றாக இருக்கிறது 	Direct
10643	NOUN	10356685	NOUN	referee, ref	(sports) the chief official (as in boxing or American football) who is expected to ensure fair play	रेफ़री,रेफरी,खेल निर्णायक	वह व्यक्ति जो प्रतियोगिताओं में निष्पक्ष निर्णय देने के लिए नियुक्त होता है|| रेफ़री के सीटी बजाते ही खेल आरंभ हो गया । 	நடுவர், மத்தியஸ்தர்	போட்டியாளர்களிடையே நடுநிலையை தீர்மானிக்க நியமிக்கப்பட்டவர்.||  நடுவர் விசில் அடித்தவுடன் விளையாட்டு தொடங்கியது 	Direct
10645	NOUN	9724452	NOUN	bowler	a cricketer who delivers the ball to the batsman in cricket	गेंदबाज,गेंदबाज़,बॉलर,बालर,बोलर	क्रिकेट के खेल में गेंद फेंकनेवाला खिलाड़ी|| पठान एक अच्छा गेंदबाज है । 	பந்துவீச்சாளர்	கிரிகெட் விளையாட்டில் பந்தை வீசும் விளையாட்டு வீரர்.||  சுனில் ஒரு சிறந்த பந்துவீச்சாளர் ஆவார் 	Direct
10647	NOUN	1246739	NOUN	deforestation, disforestation	the removal of trees	वनोन्मूलन,निर्वनीकरण	बड़े पैमाने पर जंगलों को काटने की क्रिया|| वनोन्मूलन को रोकना हर नागरिक का धर्म है । 	மரம்வெட்டுதல்	அடர்ந்த காடுகளில் உள்ள மரங்களை அழிக்கும் செயல்||  மரம்வெட்டுதலை தடுப்பது ஒவ்வொரு குடிமகனின் கடமையாகும் 	Direct
14833	NOUN	1246739	NOUN	deforestation, disforestation	the removal of trees	निर्वृक्षीकरण	वृक्षों से रहित करने की क्रिया|| मानव पृथ्वी का निर्वृक्षीकरण करके अपने ही पैरों में कुल्हाड़ी मार रहा है । 	மரங்கள்இல்லாமல்செய்தல், வறண்டுஇருத்தல்	தேவையான அளவு நீர் இல்லாமல் போகும் நிலை||  மனிதன் பூமியை மரங்கள் இல்லாமல் செய்வது தன்னுடைய காலையே கோடாலியால் வெட்டிக் கொள்வது போன்றது 	Direct
10649	NOUN	2698813	NOUN	antiseptic	a substance that destroys micro-organisms that carry disease without harming body tissues	ऐंटिसेप्टिक,पूतिनाशक,प्रतिपूय,प्रतिपूयिक	वह तत्व जो शरीर की कोशिकाओं को बिना क्षति पहुँचाए रोगोत्पादक सूक्ष्मजीवों की वृद्धि एवं विकास को रोकता है|| हल्दी प्राकृतिक ऐंटिसेप्टिक है । 	ஆண்டிசெப்டிக்	உடலின் செல்களை வந்தடையும் நோயை உருவாக்கும் நுண்ணிய உயிர்களின் வளர்ச்சியை தடுக்கும் ஒரு தத்துவம்||  மஞ்சள் இயற்கையாக  ஆண்டிசெப்டிகாக இருக்கிறது 	Direct
1065	NOUN	13941255	NOUN	cholera, Asiatic_cholera, Indian_cholera, epidemic_cholera	an acute intestinal infection caused by ingestion of contaminated water or food	हैजा,हैज़ा,कॉलरा,कालरा,फ़स्ली,फस्ली,विशूचिका	एक घातक और संक्रामक रोग जिसमें कै होती है और दस्त आते हैं|| पुराने समय में हैज़े के फैलते ही लोग गाँव छोड़कर भागने लगते थे,क्योंकि अधिकतर लोग इस महामारी के शिकार हो जाते थे । 	காலரா	கொசுக்கள் மனிதர்களை கடிப்பதால் அதன் மூலம் வாந்தி பேதியால் உடல் மெலிந்து போகும் ஒரு வகை நோய்.||  அரசாங்கம் காலரா வராமல் தடுக்க கொசுக்களை ஒழித்தது 	Direct
10651	NOUN	6636705	NOUN	manifesto, pronunciamento	a public declaration of intentions (as issued by a political party or government)	नीति घोषणा,मेनिफेस्टो	किसी राजनीतिक दल द्वारा चुनाव के समय अपनी नीतियों की घोषणा|| नेता गण अपनी नीति घोषणा को अमल में नहीं लाते हैं । 	அரசியல்அறிவிப்பு	ஏதாவது ஒரு கட்சி தன்னுடைய கொள்கையை அறிவிக்கும் செயல்.||  நேதா கூட்டம் தன்னுடைய அரசியல் அறிவிப்பை ஆட்சி அதிகாரத்தில் கொண்டுவரவில்லை 	Direct
10557	NOUN	6636705	NOUN	manifesto, pronunciamento	a public declaration of intentions (as issued by a political party or government)	घोषणा पत्र,घोषणापत्र,घोषणा-पत्र	वह पत्र जिसमें सर्व-साधारण के सूचनार्थ राजाज्ञा आदि लिखी हो|| सरकार ने घोषणा पत्र ज़ारी किया है । 	தகவல்_அறிக்கை	குறிப்பிட்ட ஒருவரை அல்லது ஒன்றைக் குறித்து ஒருவரிடம் இருக்கும் செய்தியை பிறர் அறியும் வகையில் வெளிப்படுத்தும் செய்தி||  அரசாங்கம் தகவல் அறிக்கையை தயாரிக்கிறது 	Direct
10653	NOUN	8300592	NOUN	jury, panel	a committee appointed to judge a competition	न्याय समिति,अभिनिर्णायक,जूरी,पैनल,पेनल	न्यायाधीश के साथ बैठकर किसी के दोषी या निर्दोष होने के संबंध में निर्णय देने वाले व्यक्ति|| न्याय समिति ने अभियुक्त को आजीवन कारावास की सज़ा सुनाई । 	நீதிபதியின்_ஆலோசகர்	குற்றவாளியை ஏதாவது ஒரு குற்றத்திற்காக தண்டனைக் கொடுக்கக்கூடிய நபர்||  நீதிபதியின் ஆலோசகர் குற்றவாளிக்கு ஆயுள் தண்டனை கேட்டார் 	Direct
10654	NOUN	10571851	NOUN	trustee, legal_guardian	a person (or institution) to whom legal title to property is entrusted to use for another' s benefit	ट्रस्टी,न्यासी	वह व्यक्ति जिसके अधिकार में किसी व्यक्ति या संस्था की सम्पत्ति होती है और वह उसको सुरक्षित रखता है|| हमारे गुरुजी इस महाविद्यालय के ट्रस्टी हैं । 	அறக்கட்டளை_நிர்வாகி	கல்வித்துறை, சமூகசேவை முதலியவற்றில் பொது நலனை மேம்படுத்தும் செயல்பாடுகளுக்காகத் தனி நபர்கள் அல்லது அரசு ஏற்படுத்தும் நிதி அமைப்பிற்கான தலைவர்||  நம்முடைய ஆசிரியர் இந்த கல்லூரியின் அறக்கட்டளை நிர்வாகியாக இருக்கிறார் 	Direct
10656	ADJECTIVE	51682	ADJECTIVE	complemental, complementary, completing	acting as or providing a complement (something that completes the whole)	पूरक,संपूरक	किसी के साथ मिलकर उसे पूर्ण स्वरूप प्रदान करने वाला|| पति-पत्नी एक-दूसरे के पूरक होते हैं । 	உண்மையான	ஒருவருடன் சேர்ந்து இருக்கும்பொழுது அவரை முழுமையாக புரிந்துகொள்ளல்||  கணவன் - மனைவி ஒருவர் மற்றவருக்கு உண்மையாக இருக்கவேண்டும் 	Direct
10657	NOUN	6409244	NOUN	schedule	an ordered list of times at which things are planned to occur	कार्यक्रम,प्रोग्राम,शेड्यूल,स्केजुल,स्केजूल	होने अथवा किए जाने वाले कार्यों का क्रम|| कार्यक्रम के अनुसार मुझे तीसरे नंबर पर मंच पर जाना है । 	நிகழ்ச்சிநிரல்	விழாவில் அல்லது தலைவர்களின் சுற்றுப்பயணத்தில் நடைபெறப்போகும் நிகழ்ச்சிகளின் வரிசைப்படுத்தப்பட்ட தொகுப்பு.||  நிகழ்ச்சிநிரலின்படி நான் மூன்றாவது பெண்ணாக மேடையேற வேண்டும் 	Direct
10658	NOUN	6399294	NOUN	agenda, agendum, order_of_business	a list of matters to be taken up (as at a meeting)	कार्य-सूची,कार्य सूची,कार्यसूची,एजेंडा,एजेन्डा,अजेंडा,अजेन्डा	होने अथवा किए जाने वाले कार्यों की सूची|| मैंने इस महीने की कार्य-सूची तैयार कर ली है । 	வேலைபட்டியல்	செய்த அல்லது செய்யவேண்டிய வேலைகளின் தொகுப்பு. 00000||  நான் இந்த மாதத்தின் வேலைபட்டியலை ஆயத்தம் செய்து விட்டேன் 	Direct
1066	NOUN	3361310	NOUN	frill, flounce, ruffle, furbelow	a strip of pleated material used as a decoration or a trim	झालर,फ़्रिल,फ्रिल	किसी चीज़ के किनारे पर शोभा के लिए बनाया या लगाया हुआ लटकनेवाला लहरियेदार या चुन्नटदार किनारा या पट्टी|| वह झालर बनाने का काम करता है । / फ़्रॉक का झालर बहुत बारीक़ एवं घना है । 	அலங்காரஜரிகை,	வெள்ளியால் அல்லது தங்கத்தால் முலாம் பூசப்பட்ட பட்டு நூல்.||  அவன் அலங்காரஜரிகை நெய்யும் தொழிலைச் செய்கிறான் 	Direct
10660	NOUN	6433820	NOUN	stub, ticket_stub	a torn part of a ticket returned to the holder as a receipt	प्रतिपत्रक,प्रतिपर्ण,अधपन्ना,मुसन्ना	रसीद का वह हिस्सा जिसे लिखित प्रमाण के रूप में धारक को दिया जाता है|| प्रतिपत्रक को संभाल कर रखना चाहिए । 	ரசீது, துண்டுசீட்டு	பணம் அல்லது பொருள் பெற்றுக்கொண்டதைக் குறித்துத் தரும் சீட்டு||  ரசீதைப் பாதுகாப்பாக வைக்கவேண்டும் 	Direct
10661	NOUN	2925272	NOUN	canvas, canvas_fabric, canvass, canvass_fabric	a heavy, closely woven fabric (used for clothing or chairs or sails or tents)	किरमिच,कैन्वास,कैन्वस	एक प्रकार का मोटा विलायती कपड़ा जिसके परदे, जूते आदि बनाए जाते हैं और जिस पर तैल चित्र अंकित होते हैं|| किरमिच के बने कपड़े बहुत मजबूत होते हैं । 	கேன்வாஸ்	திரை செருப்பு முதலியவற்றை உருவாக்கவும் அதன் மேலே அச்சிடப்பட்டிருக்கும் ஒரு வகை துணி||  கேன்வாஸிலான துணி மிகவும் உறுதியாக இருக்கிறது 	Direct
9426	NOUN	2925272	NOUN	canvas, canvas_fabric, canvass, canvass_fabric	a heavy, closely woven fabric (used for clothing or chairs or sails or tents)	पाल	वह कपड़ा जिससे गाड़ी या पालकी ढकते हैं|| पालकी के अंदर बैठी दुल्हन पाल हटा कर बाहर झाँक रही थी । 	பல்லக்குத்_திரை	பல்லக்குத் திரை||  மணப்பெண் பல்லக்குத் திரையை விலக்கிப் பார்த்தாள் 	Direct
10662	NOUN	578036	NOUN	specialization, specialisation, specialty, speciality, specialism	"the special line of work you have adopted as your career; ""his specialization is gastroenterology"""	विशिष्टीकरण,विशेषीकरण	किसी क्षेत्र में विशेष योग्यता रखने या पाने की क्रिया|| मनोज अमेरिका से हृदय रोग में विशिष्टीकरण हासिल कर देश लौटा । 	தனிச்சிறப்புள்ளமுறை	ஏதாவது ஒரு இடத்தில் சிறப்பான தகுதியை வைத்திருக்கும் நிலை.||  மனோஜ் அமெரிக்காவிலிருந்து இருதய நோயிக்கு தனிச்சிறப்புள்ள மருந்துகளை வாங்கிவந்தான் 	Direct
6083	NOUN	578036	NOUN	specialization, specialisation, specialty, speciality, specialism	"the special line of work you have adopted as your career; ""his specialization is gastroenterology"""	विशेषज्ञता	विशेषज्ञ होने की अवस्था या भाव|| वनस्पति विज्ञान में राम की विशेषज्ञता सबको प्रभावित करती है । 	நிபுணத்துவம்	நிபுணனாக இருக்கும் நிலை அல்லது தன்மை||  தாவரயியலில் இராமனின் நிபுணத்துவம் அனைவரையும் கவர்ந்தது 	Direct
10665	NOUN	6645861	NOUN	affidavit	written declaration made under oath; a written statement sworn to be true before someone legally authorized to administer an oath	शपथ-पत्र,शपथ पत्र,शपथपत्र,हलफ़नामा,एफीडेविट,हलफनामा,अफ़ीडेविट्	किसी बात की सत्यता प्रख्यापित करने के समय शपथ-पूर्वक लिखकर न्यायालय में उपस्थित किया जाने वाला पत्र|| इस शपथ पत्र में शीला ने एक साल विद्यालय से अनुपस्थित रहने का कारण बताया है । 	உறுதிபத்திரம்	முத்திரைத்தாளில் கிரயம், ஒப்பந்தம், பாகப்பிரிவினை, உயில் போன்றவை பதிவுசெய்த ஆவணத்தை உறுதி செய்வது||  இந்த உறுதிபத்திரத்தில் ஷீலா இந்த பள்ளியில் ஒருவருடம் பணிபுரியவேண்டும் என்று இருக்கிறது 	Direct
10667	NOUN	13152474	NOUN	tuition, tuition_fee	"a fee paid for instruction (especially for higher education); ""tuition and room and board were more than $25,000"""	शिक्षा-शुल्क,शिक्षा शुल्क	शिक्षा प्राप्त करने के लिए दिया जाने वाला शुल्क|| सरकारी विद्यालयों में गैर-सरकारी विद्यालयों की अपेक्षा शिक्षा-शुल्क कम लगता है । 	கல்விக்கட்டணம்	கல்வி பெறுவதற்காக கொடுக்கப்படும் கட்டணம்||  அரசாங்க பள்ளிகளில் அந்நிய அரசாங்கம் பள்ளிகளை காட்டிலும் கல்விகட்டணம் குறைவாக இருக்கும். 	Direct
1067	NOUN	9885824	NOUN	driver	the operator of a motor vehicle	ड्राइवर,चालक	वह जो मोटर गाड़ी चलाता हो|| दुर्घटना होते ही बस का ड्राइवर फ़रार हो गया । 	ஓட்டுநர், ஓட்டுனர்	பேருந்து, கார் முதலிய வாகனங்களை ஓட்டும் பணிபுரிபவர்.||  விபத்து ஏற்பட்டதும் ஓட்டுநர் ஓடிவிட்டார் 	Direct
10673	ADJECTIVE	74631	ADJECTIVE	aesthetic, esthetic, aesthetical, esthetical	"concerning or characterized by an appreciation of beauty or good taste; ""the aesthetic faculties""; ""an aesthetic person""; ""aesthetic feeling""; ""the illustrations made the book an aesthetic success"""	सौंदर्यात्मक,सौंदर्यपरक,सौंदर्य बोधात्मक	जिससे सौंदर्य का बोध हो|| विद्यापति पदावली में राधा का सौंदर्यात्मक वर्णन मिलता है । 	அழகான	பார்ப்பதற்கும், கேட்பதற்கும் புலன்களுக்கு இனிமை அளிக்கக்கூடியவை.||  வித்தியாபதி கீர்த்தனைகளின் தொகுப்பில் ராரதாவின் அழகான வர்ணனை கிடைக்கின்றது 	Direct
